,0
뉴스1,주식 투자 실패로 거액 빚..용광로 투신 30대 사망
한국일보,박영선·오세훈도 이재명·안철수도..이수봉의 모두까기
세계일보,"[단독] 달리는 택시서 70대 기사 머리 발로 가격.. ""15분간 폭행"""
뉴스1,"'청학동 서당' 폐쇄땐 인근 초·중 문닫을 판..""재학생 80%가 그곳 애들"""
서울경제,[영상]사자 대타 뛰는 골든 리트리버? 해도해도 너무한 中 동물원
중앙일보,분노 부른 얌체 캠핑카 70대..1년내내 무료주차장 점령했다 [영상]
헤럴드경제,"""처가 패닉 거의 초토화""..오세훈 '내곡동 셀프보상' 의혹 강력 부인"
데일리안,"[4·7 재보선] 민주당 패색 짙어지자 바짝 몸 낮추고 ""정말 죄송하다"" 읍소"
연합뉴스,김포 새 아파트 붙박이 가구에 곰팡이 가득..입주민 분통
서울신문,'괴짜 억만장자'의 세 번째 우주선 공개..거울처럼 주위 환경 비춰
뉴시스,[뉴시스 앵글]의령 자굴산 '색소폰 도로' 벚꽃 절정
문화일보,<마음상담소>남편이 12살 많아.. 돈 때문에 결혼했냐는 시선에 불편
매일경제,"""LH 불똥이 왜 우리한테.."" 교사들 교원재산등록 추진에 반발"
쿠키뉴스,"""노원 세 모녀 살해범 피해자 큰딸과 연인 아니다..연락 피하자 앙심"""
머니투데이,"오세훈 ""처갓집 '패닉·초토화'.. 측량현장 안 갔다"""
중앙일보,"윤소희 前아나 ""새벽 3시부터 글쓰기..소설 20편 분량 썼다"""
서울신문,병아리마냥 새끼 고양이들 품어준 암탉 (영상)
중앙일보,2030 설암 60대 이상은 편도암 늘었다
YTN,[현장영상] 서울 금천·도봉·영등포·은평 지역에 2만5천 가구 공급
서울신문,머스크 우주선 또 폭발.. 하늘에서 우주 쓰레기 파편이 우수수
뉴스1,휴게소서 잠깐 본 남성..고속도로 50km '공포의 스토킹'
뉴스1,"박영선 ""아 이 분이 갔었구나..내곡동 질문에 오세훈 표정보니"""
서울신문,조국 전 장관 미국 인권보고서에 2년 연속 '부패 사례' 올라
한겨레,비트코인 수익 1천만원 세금 165만원..내년부터 22% 과세
연합뉴스,"부산行 이광재 "" 대구 당 보고 대통령 뽑아 경제 꼴찌"""
뉴스1,박원순 임명 '개방형 공채' 서울시 간부 잇단 자진 사퇴
뉴시스,결국 서울시장 선거 이후로..서울시 김어준 '5인 위반' 최종 판단 연기
오마이뉴스,"오세훈이 말하는 ""기억 앞에 겸손해야"" 발언의 의미"
한국경제,"이재명 '역사왜곡' 일본에 직격탄..""머지않아 후진국 전락"""
뉴스1,"""촛불 정부와의 이별 선언""..대우조선해양 매각 반대 결의대회"
뉴스1,"""동생이 보이스피싱 연락책 지금 거기 있느냐""..경찰에 전화한 간 큰 수거책"
서울경제,'제2차 내곡대전' 할 말 다 한 박영선·결국 터진 오세훈
이데일리,"오세훈 ""'존재 몰랐다' 표현이 죄냐..사람 기억력 믿을 게 못돼"""
뉴스1,삼성SDI 배터리 업계 최초 '심해저 광물 채굴 중단' 지지
머니투데이,내차 50km나 쫓아온 모르는 남성..경찰에 신고했더니(영상)
YTN,"자동차 명장의 주유비 아끼는 법 ""아침·저녁 1단으로"""
더팩트,[단독] 침대서 떨어진 딸 방치  숨지게 한 비정한 아빠 '징역 5년'
뉴시스,"오세훈 ""내곡동 몰랐다는 표현 반성..처가는 패닉 상태"""
국민일보,"박주민 임대차법 통과전 임대료 9% 인상.. ""중개업소 탓"""
뉴시스,"與 전용기 ""분노한 2030에 사과..과거 회귀만은 안 돼"""
머니투데이,영업정지기간에 또 걸린 강남 룸살롱..자정에 98명이 우르르
연합뉴스,'백신에 칩 넣었다'..목사가 가짜뉴스 괴문서 1만장 제작(종합)
세계일보,'공대 여학생'· '간호대 남학생' 어때서요?.. 성 인식 변화 높은 취업률에 증가
서울신문,"이낙연 ""부동산정책 실패 사죄..화 풀릴 때까지 반성"""
이데일리,"""당근마켓에 주소 줄 필요없어요""..윤관석 전자상거래법 개정안 발의"
연합뉴스,유튜브 아시아인 혐오 노래 삭제 거부 논란..직원들 반발
중앙일보,"동양대PC 열자 ""조민이다!""..정경심 반격 헌재 들고갔다[法ON]"
JTBC,"구금됐던 청년들 ""봉지 씌워 고문 장기 없는 시신도"""
뉴시스,"'세모녀 피살' 주인 잃은 택배..""마스크였는데"" 긴 탄식"
연합뉴스,"박영선 ""강남 부동산 사지 않아도 돼..20평 아파트 2억원에"""
