"","bookthumburl","booktitle"
"1","https://bookthumb-phinf.pstatic.net/cover/179/469/17946960.jpg?type=m106&udate=20210305","주식대학 실전 투자전략 세트 - 전5권"
"2","https://bookthumb-phinf.pstatic.net/cover/168/528/16852884.jpg?type=m106&udate=20210305","2030 축의 전환"
"3","https://bookthumb-phinf.pstatic.net/cover/177/589/17758998.jpg?type=m106&udate=20210305","주린이가 가장 알고싶은 최다질문 T.."
"4","https://bookthumb-phinf.pstatic.net/cover/164/054/16405427.jpg?type=m106&udate=20210305","달러구트 꿈 백화점"
"5","https://bookthumb-phinf.pstatic.net/cover/168/943/16894345.jpg?type=m106&udate=20210305","공정하다는 착각"
"6","https://bookthumb-phinf.pstatic.net/cover/168/230/16823099.jpg?type=m106&udate=20210305","어떻게 말해줘야 할까"
"7","https://bookthumb-phinf.pstatic.net/cover/179/840/17984092.jpg?type=m106&udate=20210305","빌 게이츠, 기후 재앙을 피하는 법"
"8","https://bookthumb-phinf.pstatic.net/cover/134/282/13428208.jpg?type=m106&udate=20210305","파친코 1"
"9","https://bookthumb-phinf.pstatic.net/cover/119/570/11957015.jpg?type=m106&udate=20210305","전설로 떠나는 월가의 영웅"
"10","https://bookthumb-phinf.pstatic.net/cover/177/093/17709320.jpg?type=m106&udate=20210305","모래알만 한 진실이라도"
