newstitle,newscomname
시장에서 산 고둥서 나온 돌 알고보니 수천만원 '희귀 진주',서울신문
노원구 아파트서 세 모녀 숨진채 발견..용의자는 자해,뉴시스
[제보는Y] "살려달라" 비명에 신고한 배송기사..피 흘리던 종업원 구해,YTN
베이비박스에 아이 넣고 돌아서는 순간 일어나는 일,오마이뉴스
"혹시 당근이세요?"..'만남의 광장'으로  변신한 중고거래앱,뉴스1
'건강 이상설' 돈 79세 바이든..기자회견 중 "어디까지 말했나",머니투데이
월 15만원에 깨끗한 집 빌려주자 동네 소원이 이뤄졌다 [월간 옥이네],오마이뉴스
'구미 3세 여아' 친모·큰딸 모두 외도?.."나올 수 없는 혈액형",머니투데이
[사건의 재구성]"미안 형편 어려워.." 혼수상태 아내 호흡기 뗀 남편,뉴스1
"'구미 3세 사망 여아' 나올 수 없는 혈액형 둘 다 외도?" [황출새],YTN
입원중인 이재용 부회장 1인실서 4명의 순환감시..국가가 부담하나,이데일리
"전생에 우린 연인 관계였다"..친딸 성폭행한 아빠 '징역 13년',이데일리
오세훈 "중증치매 환자..대통령에게 그 정도 말도 못하나",연합뉴스
"文 주택 생지옥 만들어놔",국민일보
"미혼동료가 유부남과 호텔 들어가더라"..허위사실 40대 남성 집유,뉴스1
[특파원 시선] 1988년 서울올림픽 엠블럼이 이탈리아 주유소에?,연합뉴스
[시선집중] 이상돈 "안철수 도움보다 피곤하게 할 거라는 걸 김종인도 아는 것",MBC
"美인도·태평양사령부 日요구에 '동해' 표기 정정"<교도>,연합뉴스
정 총리 "현행 거리두기 2주 연장..5인 모임 금지도 유지",뉴시스
대통령 백신 바꿔치기 의혹 "청맹과니나 하는 짓",미디어오늘
다소 낯선 지지층..2030 업은 오세훈 4050 모인 박영선,노컷뉴스
김종인 "윤석열 별의순간 포착..잘 준비하면 진짜 별 딴다",연합뉴스
"떡볶이·닭발도 담아갈 수 있어요?" 용기 낸 '용기' 거절당하지 않았다,서울신문
'혈액형에서 단서 찾았다'..구미 여아 사건 실마리 풀리나,KBS
'생파 5번' 남양주시장에.."월급이 부끄럽다" 대신 사과한 공무원,머니투데이
'바닥 민심'에 안 꽂히는 오세훈 내곡동 총공세 왜?,한국일보
평균 연봉 1억원 시대?..웃지못하는 은행권,디지털타임스
오세훈이 박영선 앞서자 親文 "요즘 20대는 철이 없어서..",조선일보
"합석 거부하자 음식 기다리던 중 쫓겨났습니다" [지금e슈],데일리안
"순두부찌개 맛없어 밥값 못준다" 난동..벌금 800만원,뉴시스
국민의힘 "안철수 개별입당" vs 국민의당 "합당"..물밑 '기싸움',헤럴드경제
[4·7 재보선] 與 "박형준 조강지처 버려" 발언 논란 일파만파..朴 "피가 거꾸로",데일리안
송영길 "김어준 없는 아침이 두려우십니까? 박영선에 투표를",세계일보
비트코인 한때 5만달러선도 위험..개미들 시장 떠나(상보),뉴스1
"기부받은 10억 다시 기부"..美 증오범죄 피해 할머니의 결심,서울신문
"유통기한 지난 빵 주더니"..사장의 돌변 알바 절도범 신고,중앙일보
나이키 운동화 중국서 화형식 당해..중국 "감히 위구르 인권 지적",파이낸셜뉴스
노원구 아파트서 세 모녀 피살.. 20대 피의자 현장서 자해,조선일보
'생후 20일 아기를 거꾸로'.. 산후도우미 학대 폭로글 등장,파이낸셜뉴스
"백반 한 끼 1000원 식당주인..지갑은 적자 마음은 부자",노컷뉴스
삼성중 컨선 20척 2조8천억원에 수주..단일계약으론 세계 최대,연합뉴스
[ESC] 열대우림이야 동물원이야? 세종시 수목원 3원3색,한겨레
더 떨어진 박영선 지지율 10%p↓..2030이 등돌리고 있다,머니투데이
구미 여아 사건 혈액형에서 '바꿔치기' 단서 포착,머니투데이
호주 대중국 건초 수출 제동..부메랑 맞은 중국,아시아경제
아시나요? 동백꽃은 세 번 핍니다,오마이뉴스
"감사합니다" 사진작가는 셔터를 누른 뒤 90도 인사를 했다,국민일보
바코드 분명히 가렸는데..중고거래 올린 상품권 털렸다,조선비즈
끝나지 않은 '게임스톱 전쟁'..34% 폭락 하루만에 53% 폭등,연합뉴스
'배보다 배꼽이 더 커'..이통알뜰폰 월1만9천원에 13만원 사은품,연합뉴스
