"","newstitle","newspapername"
"1","""운동 좀 하세요""..몸에 나타나는 경고 증상 5","코메디닷컴"
"2","유승민 ""文대통령·이재명, 오거돈 일가 투기 의혹은 왜 말이 없나""","헤럴드경제"
"3","KTX 햄버거 승객 ""그날 행동 반성"" 사과했지만..결국 고소당했다","머니투데이"
"4","'혼쭐 아닌 돈쭐' 치킨집..""엄청 울었다"" 또 감사편지 보낸 학생","매일경제"
"5","'땅 투기 의혹' LH 직원들 ""부동산 투자하지 말란 법 있나""(종합)","서울신문"
"6","물린 건 '진돗개'였다, 소형견이 아니라","머니투데이"
"7","'4년째 유임' 김미리 판사, 조국 사건 재판장 또 맡아","연합뉴스"
"8","[단독] 가게 폐업 자식 빚 떠안고 술 취한 아들에 맞아 숨져.. 학대당하는 노년의 苦生","서울신문"
"9","뛰다 갑자기 무릎 꿇은 정인이 양부.. ""살려달라"" 오열","국민일보"
"10","흰머리 뽑으면, 더 많이 난다?..흰머리에 대한 '알쓸신잡'","시사저널"
"11","백화점 年2,000억 포기하고 고객 쉼터가 되자..'더 현대 서울' '잭팟' 터졌다","서울경제"
"12","삼성 이어 SK하이닉스도 돈다발 들고 찾는 ASML..반도체 미세공정 필수 EUV 뭐길래","조선비즈"
"13","역대 대통령 레임덕 신호, 文대통령과 비교해봤더니","시사저널"
"14","'변종' 낳은 비례대표제.. 김의겸, 국민 심판 피하고 금배지 단다","서울신문"
"15","""우리 아빠 누군지 알아?""..시간이 흘러도 사라지지 않는 말","머니투데이"
"16","남성, 앉아서 소변 보기.. 좋을까, 나쁠까?","헬스조선"
"17","지금 가장 맛있는 수산물, 3월엔 알이 '가득'","헬스조선"
"18","A혈액형이 코로나19에 더 취약한 이유(연구)","코메디닷컴"
"19","근무 중 상습 골프 경기 공무원..초과근무 찍고 79차례 '굿샷'","뉴스1"
"20","강경화 등 文정부 장관 대거 합류.. '대선급' 박영선 캠프","서울신문"
"21","""벚꽃 피는 순서대로?"" 우려가 현실, 지방대 '초비상'","노컷뉴스"
"22","""여성 2명 살해 맞지만"".. '사형 구형' 최신종  최후진술","국민일보"
"23","제네시스가 '골프황제' 차사고 규명할까..美경찰, 블랙박스 확보","연합뉴스"
"24","시속 80km 턱으로 먹이 붙잡는 개미.. 4살 아이보다도 참을성 많은 오징어","서울신문"
"25","아직 인스타 해? 대세는 '메타버스'..Z세대 놀이터 된 가상현실 [장가희 기자의 뉴스픽]","SBS Biz"
"26","앉은 자리에서 1분만 일어나도 '놀라운' 효과가!","헬스조선"
"27","[단독]윤석열측 ""尹총장, 이르면 4일 사의 표명할 듯""","동아일보"
"28","""정부 부채비율, 공무원·군인연금 충당부채 포함하면 91.4%""","연합뉴스"
"29","결국 무관심 속에.. '성전환 후 강제전역' 변희수, 숨진 지 수일 지나 발견","세계일보"
"30","임은정 ""총장이 직무배제 지시"" ..진실공방 가열","머니투데이"
"31","홍준표 ""윤석열, 직을 걸려면 文 관여 사건 수사에 걸라""","뉴시스"
"32","[뷰엔] 차별로 얼룩진.. 파트타임 노동자의 '내돈내산' 작업복","한국일보"
"33","대구경북 대학들 신입생 무더기 감소..국립대도 미달","뉴스1"
"34","성 전환 후 전역조치된 변희수 전 하사, 숨진채 발견(2보)","아시아경제"
"35","미얀마, 군부 진압에 하룻새 최소 34명 사망..""쿠데타 이후 최대""","아시아경제"
"36","갑자기 교도소에서 군 복무를 하라고?","오마이뉴스"
"37","[황출새]김기현""정세균, 윤석열 정치한다고? 총리 본인은 안 하나?""","YTN"
"38","""최소 열흘 전에 남겨진 것""..환자 치아 틈에서 싹 튼 딸기씨","아시아경제"
"39","'이젠 한 식구'..대한항공, 아시아나 조종사 '자격 위기' 해결 나서","뉴시스"
"40","日, 도쿄올림픽 포기 못하는 이유..중국 때문에?","머니투데이"
"41","中·日 원전 비중 늘리는데..재생에너지에만 목메는 韓","헤럴드경제"
"42","머스크 아내, 20분만에 65억원 벌었다..'NFT' 가상자산 열풍","연합뉴스"
"43","고속도로에서 전동휠체어 타던 할아버지..""길 잘못 들어""","YTN"
"44","평창 발왕산 정상에 순백의 상고대 활짝 피었네 [최현태 기자의 여행홀릭]","세계일보"
"45","차 긁은 폐지 노인 그냥 보내준 뒤..통 크게 보답 받은 사연","머니투데이"
"46","청도서 백신 접종 50대 쇼크..경북 첫 중증 반응","연합뉴스"
"47","[단독]주호영 원내대표 찾아간 여운국 공수처 차장..인사위원 추천 '막판 설득'","서울경제"
"48","""세계 반도체 투톱""..美 정부기구도 인정한 삼성전자","뉴스1"
"49","김현아 ""그들은 대담했다.. LH 직원 본인 명의 뿐일까?""","노컷뉴스"
"50","'서울 마지막 달동네' 백사마을 재개발 시동","연합뉴스"
