"","품명","가격"
"1","아카시아스틱꿀15G","1,000원"
"2","야생화스틱꿀15G","1,000원"
"3","순수고구마(130G/진공포장)","2,800원"
"4","볶음아몬드30G","1,000원"
"5","볶음캐슈넛30G","1,000원"
"6","호두25G","1,000원"
"7","육분컷)버섯소불고기200G","6,500원"
"8","육분컷)파채고추장삼겹살200G","6,500원"
"9","오뚜기)오뚜기젤리1800","1,800원"
"10","네슬레)킷캣팝스1500","1,500원"
"11","세부건망고(40G)","2,500원"
"12","촉촉한꿀고구마(65G/봉)","2,800원"
"13","유어스)드로우유딸기300ML","1,500원"
"14","유어스)드로우유초코300ML","1,500원"
"15","풀무원)잇츠프로틴디카페라떼260","2,500원"
"16","풀무원)잇츠프로틴초코260ML","2,500원"
"17","돌)람부탄198G","2,500원"
"18","돌)망고컵198G","2,500원"
"19","돌)배컵198G","2,500원"
"20","돌)복숭아컵198G","2,500원"
"21","돌)파인애플컵198G","2,500원"
"22","롯데)쌀로별1500","1,500원"
"23","롯데)오잉1500","1,500원"
"24","롯데)오잉불짬뽕맛70G","1,500원"
"25","롯데)도리토스(갈비천왕)1500","1,500원"
"26","롯데)도리토스(나쵸치즈맛)1500","1,500원"
"27","미성)허쉬후퍼스1800","1,800원"
"28","마즈)몰티져스밀크3500","3,500원"
"29","마즈)몰티져스다크1500","1,500원"
"30","마즈)몰티져스밀크1500","1,500원"
"31","심플리쿡)반반연탄불고기","6,900원"
"32","심플리쿡)연탄불닭목살구이","7,900원"
"33","해태)강원평창수2.0L","1,500원"
"34","동아)오로나민C120ML","1,200원"
"35","유어스(P)한우먹는날양곰탕450G","6,500원"
"36","CJ)스팸김치덮밥(컵밥)","4,500원"
"37","CJ)햇반참치마요덮밥(컵밥)","4,500원"
"38","CJ)햇반간장계란덮밥(컵밥)","4,500원"
"39","CJ)햇반강된장보리비빔밥(컵밥)","4,500원"
"40","CJ)햇반김치날치알밥(컵밥)","4,500원"
"41","CJ)햇반낙지콩나물비빔밥(컵밥)","4,500원"
"42","CJ)햇반버터장조림비빔밥","4,500원"
"43","CJ)햇반불고기덮밥(컵밥)","4,500원"
"44","CJ)햇반설렁탕밥(컵밥)","4,500원"
"45","CJ)햇반스팸마요덮밥(컵밥)","4,500원"
"46","CJ)햇반제육덮밥(컵밥)","4,500원"
"47","CJ)햇반치킨마요덮밥(컵밥)","4,500원"
"48","오리온)닥터유단백질볼1500","1,500원"
"49","니베아)립케어모이스춰","4,100원"
"50","니베아)립케어스트로베리","4,100원"
"51","니베아)립케어체리","4,100원"
"52","니베아)립케어포맨","4,100원"
"53","니베아)마이노블루한정판립케어","4,100원"
"54","니베아립케어망고샤인4.8G","4,100원"
"55","머거본)초코츄러스아몬드25G","1,200원"
"56","머거본)후렌치후라이드아몬드40G","2,000원"
"57","머거본)허니버터아몬드30G","1,400원"
"58","맥)행복을주는커피(콜롬비아)","1,200원"
"59","맥)행복을주는커피(헤이즐넛)","1,200원"
"60","하림)닭가슴살리얼바(갈릭)80G","2,000원"
"61","GS)미니언즈과일젤리1800","1,800원"
"62","GS)트롤과일젤리1800","1,800원"
"63","아이배냇)곡물친구딸기8입","3,900원"
"64","아이배냇)곡물친구블루베리8입","3,900원"
"65","하겐)녹차파인트","12,900원"
"66","하겐)다크초코릿가나슈파인트","12,900원"
"67","하겐)딸기파인트","12,900원"
"68","하겐)로스티드티라떼파인트","12,900원"
"69","하겐)마카다미아파인트","12,900원"
"70","하겐)바닐라파인트","12,900원"
"71","하겐)벨지안초콜릿&헤이즐넛파인","12,900원"
"72","하겐)브라우니마키아또파인트473","12,900원"
"73","하겐)쵸코렛파인트","12,900원"
"74","하겐)칸탈로프멜론파인트473ML","12,900원"
"75","하겐)쿠키앤크림파인트","12,900원"
"76","하겐)피넛버터크런치파인트474ML","12,900원"
"77","마즈)이클립스소프트레몬1500","1,500원"
"78","마즈)이클립스소프트페퍼1500","1,500원"
"79","마즈)이클립스스트로베리2500","2,500원"
"80","마즈)이클립스스피어민트2500","2,500원"
"81","마즈)이클립스페퍼민트2500","2,500원"
"82","마즈)이클립스피치2500","2,500원"
"83","마즈)스키틀즈사우워1000","1,000원"
"84","마즈)트윅스미니사이즈300","300원"
"85","마즈)스니커즈미니500","500원"
"86","마즈)스니커즈헤이즐넛1900","1,900원"
"87","마즈)트윅스싱글4바1900","1,900원"
"88","마즈)스니커즈아몬드1200","1,200원"
"89","마즈)스니커즈크리스퍼1200","1,200원"
"90","마즈)스니커즈피넛싱글1200","1,200원"
"91","마즈)트윅스1200","1,200원"
"92","동아)박카스맛젤리(신맛)1200","1,200원"
"93","동아)박카스맛젤리1200","1,200원"
"94","훼밀리)아폴로700","700원"
"95","바주카)쥬시드랍팝3000","3,000원"
"96","바주카)트리플푸쉬팝3000","3,000원"
"97","일신)트리플파워푸쉬팝레드3000","3,000원"
"98","리콜라)레몬민트1500","1,500원"
"99","리콜라)크랜베리1500","1,500원"
"100","CJ)맛밤80G","3,500원"
"101","CJ)스팸340G","7,500원"
"102","CJ)스팸200G","5,500원"
"103","CJ)스팸25%라이트200G","5,500원"
"104","CJ)스팸120G","3,500원"
"105","팔도)틈새라면볶음면(봉지)","1,050원"
"106","팔도)틈새라면볶음면(용기)","1,500원"
"107","유어스)김치볶음80G","1,000원"
"108","아워홈)소고기무국(컵국)","900원"
"109","아워홈)소고기미역국(컵국)","800원"
"110","아워홈)양지차돌곰탕(컵국)","900원"
"111","유어스)소고기미역국500G","3,900원"
"112","유어스)시원한황태해장국500G","3,900원"
"113","유어스)얼큰한육개장500G","3,900원"
"114","CJ)비비고돼지고기김치찌개460G","6,500원"
"115","CJ)비비고스팸부대찌개460G","6,500원"
"116","CJ)비비고차돌된장찌개460G","6,500원"
"117","CJ)비비고소고기무국500G","4,500원"
"118","CJ)비비고소고기미역국500G","4,500원"
"119","CJ)비비고육개장500G","4,500원"
"120","CJ)비비고콩나물황태국500G","4,500원"
"121","CJ)누룽지닭백숙죽280G","3,900원"
"122","CJ)비비고단호박죽280G","3,900원"
"123","CJ)비비고버섯야채죽280G","3,900원"
"124","CJ)비비고소고기죽280G","3,900원"
"125","CJ)비비고통단팥죽280G","3,900원"
"126","CJ)비비고흑임자죽280G","3,900원"
"127","CJ)햇반미역국밥(컵밥)","3,900원"
"128","CJ)햇반사골곰탕국밥(컵밥)","3,900원"
"129","CJ)햇반육개장국밥(컵밥)","3,900원"
"130","CJ)햇반황태국밥(컵밥)","3,900원"
"131","CJ)햇반(발아현미밥)210G","2,600원"
"132","CJ)햇반(오곡밥)210G","2,600원"
"133","CJ)햇반(찰잡곡밥)210G","2,600원"
"134","CJ)햇반(흑미밥)210G","2,600원"
"135","CJ)햇반매일잡곡밥210G","2,600원"
"136","CJ)햇반(원형)210G","1,950원"
"137","반찬단지)간장알마늘120G","2,500원"
"138","반찬단지)깻잎무침120G","2,500원"
"139","반찬단지)무말랭이무침120G","2,500원"
"140","매그넘)루비100ML","3,600원"
"141","매그넘)민트바100ML","3,600원"
"142","매그넘)아몬드바100ML","3,600원"
"143","매그넘)클래식바110ML","3,600원"
"144","나뚜루)녹차파인트","11,600원"
"145","나뚜루)딸기파인트","11,600원"
"146","나뚜루)바닐라파인트","11,600원"
"147","나뚜루)스트로베리치즈파인트","11,600원"
"148","나뚜루)초코파인트","11,600원"
"149","나뚜루)캐슈바닐라(비건)474ML","11,600원"
"150","나뚜루)코코넛파인애플(비건)474","11,600원"
"151","나뚜루)프렌치아포가또파인트","11,600원"
"152","서울우유)초콜릿우유아이스크림","9,800원"
"153","서울우유)흰우유아이스크림","9,800원"
"154","유어스)쌍쌍맛살110G","2,200원"
"155","한성)각잡다80G","2,000원"
"156","한성)몬스터크랩72G","1,800원"
"157","한성)크래미90G","2,200원"
"158","돌)올라이트바건과일40G","1,200원"
"159","돌)올라이트바크랜베리40G","1,200원"
"160","돌)올라이트바포레스트40G","1,200원"
"161","크리스탈라이트)피치망고그린2입","1,800원"
"162","크리스탈라이트)핑크레몬2입","1,800원"
"163","카카오프렌즈)망고스무디190ML","2,000원"
"164","카카오프렌즈)복숭아스무디190ML","2,000원"
"165","카카오프렌즈)애플스무디190ML","2,000원"
"166","광동)우엉차500ML","1,600원"
"167","광동)힘찬하루헛개차500ML","1,600원"
"168","광동)옥수수수염차500ML","1,500원"
"169","광동)솔표위청수골드75ML","1,000원"
"170","광동)비타500캔240ML","1,200원"
"171","광동)대추쌍화150ML","1,500원"
"172","현대)미에로화이바210ML","1,400원"
"173","동서)콜롬비아나블랙240ML","1,200원"
"174","동서)콜롬비아나아메리카노240ML","1,200원"
"175","동서)콜롬비아나카페라떼240ML","1,200원"
"176","맥심)TOP더블랙275ML","2,200원"
"177","맥심)TOP마스터라떼275ML","2,200원"
"178","맥심)TOP스위트아메리카노275ML","2,200원"
"179","한독)레디큐프로120ML","6,000원"
"180","한독)레디큐120ML","5,000원"
"181","일화)천연사이다350ML","1,200원"
"182","일화)맥콜500ML","1,800원"
"183","일화)맥콜350ML","1,500원"
"184","일화)맥콜250ML","1,300원"
"185","천지개벽)한라봉스파클링355ML","1,200원"
"186","HK)헛개수1L","2,500원"
"187","HK)새싹차보리500ML","2,000원"
"188","HK)헛개수500ML","2,000원"
"189","HK)헛개수340ML","1,500원"
"190","HK)컨디션100ML","5,000원"
"191","HK)컨디션레이디100ML","5,000원"
"192","정식품)고칼슘베지밀A팩190ML","1,000원"
"193","정식품)고칼슘베지밀B팩190ML","1,000원"
"194","정식품)베지밀검은콩190ML","1,000원"
"195","정식품)베지밀B검은콩두유190ML","1,400원"
"196","정식품)아몬드호두두유병190ML","1,400원"
"197","정식품)검은콩고칼슘두유병190ML","1,500원"
"198","영진)구론산바몬드오리지날150ML","1,000원"
"199","영진)구론산스파클링150ML","1,000원"
"200","해태)평창수프리미엄500ML","950원"
"201","코카)썬키스트레몬에이드350ML","1,500원"
"202","코카)흑당밀크티270ML","2,200원"
"203","코카)토레타240ML","1,200원"
"204","파워에이드)마운틴블러스트600ML","2,000원"
"205","파워에이드)마운틴블러스트240ML","1,000원"
"206","코카)태양의식후비법W차500ML","1,800원"
"207","조지아)고티카빈티지라떼270ML","2,200원"
"208","조지아)고티카빈티지블랙270ML","2,200원"
"209","조지아)고티카스위트아메270ML","2,200원"
"210","미닛메이드)오렌지350ML","1,950원"
"211","미닛메이드)포도350ML","1,950원"
"212","코카)환타파인PET600ML","1,900원"
"213","코카)스프라이트PET500ML","1,800원"
"214","롯데)숙취해소깨수깡160ML","5,000원"
"215","롯데)핫식스250ML","1,500원"
"216","롯데)핫식스팬시캔디250ML","1,500원"
"217","롯데)2%부족할때(복숭아)500ML","1,800원"
"218","롯데)2%부족할때자두500ML","1,800원"
"219","롯데)2%아쿠아500ML","1,800원"
"220","롯데)트레비라임500ML","1,800원"
"221","롯데)트레비레몬500ML","1,800원"
"222","롯데)트레비자몽500ML","1,800원"
"223","롯데)아이시스8.0(500ML)","950원"
"224","롯데)아이시스에코2L-PLU판매","1,600원"
"225","롯데)아이시스에코500ML-PLU판매","900원"
"226","칸타타)콘트라베이스라떼PET500","2,500원"
"227","칸타타)콘트라베이스블랙PET500","2,500원"
"228","칸타타)콘트라베이스스윗PET500","2,500원"
"229","칸타타)땅콩크림라떼275ML","2,200원"
"230","칸타타)아메리카노275ML(NB캔)","2,200원"
"231","칸타타)콜드브루블랙275ML(NB캔)","2,200원"
"232","칸타타)프리미엄라떼275ML(NB캔)","2,200원"
"233","롯데)레쓰비연유커피240ML","1,200원"
"234","레쓰비)카페타임라떼240ML","1,100원"
"235","레쓰비)카페타임아메리카노240ML","1,100원"
"236","롯데)핑크퐁오렌지망고235ML","1,200원"
"237","롯데)핑크퐁포도사과235ML","1,200원"
"238","롯데)펩시제로500ML","1,800원"
"239","롯데)칠성사이다복숭아500ML","2,100원"
"240","롯데)칠성사이다청귤500ML","2,100원"
"241","롯데)칠성스트롱사이다400ML","1,700원"
"242","롯데)펩시스트롱400ML","1,700원"
"243","롯데)칠성사이다캔330ML","1,700원"
"244","하이트)블랙보리340ML","1,200원"
"245","하이트)블랙보리520ML","1,600원"
"246","하이트)블랙보리라이트520ML","1,500원"
"247","말리)홈스타일망고주스250ML","1,500원"
"248","말리)홈스타일오렌지주스250ML","1,500원"
"249","팜트리)궁중홍삼쌍화100ML","1,500원"
"250","팜트리)궁중발효홍삼100ML","2,200원"
"251","GS)샤인머스캣향스파클링350ML","1,200원"
"252","남양)십칠차500ML","1,500원"
"253","남양)초코에몽캔200ML","1,000원"
"254","정관장)홍삼원골드100ML(파우치)","1,500원"
"255","모구모구큐브)리치320ML","1,500원"
"256","모구모구큐브)청포도320ML","1,500원"
"257","GS)목에좋은도담차500ML","1,600원"
"258","팔도)비락식혜캔340ML","1,300원"
"259","바이오티)프리바이오틱스피치","1,500원"
"260","매일)셀렉스프로틴드링크330ML","2,900원"
"261","매일)99.89두유190ML","1,000원"
"262","매일)두유식이섬유190ML","1,000원"
"263","자연)톡터질수박에500ML","1,700원"
"264","OKF)비타민C레몬스파클링500ML","1,800원"
"265","OKF)골드유자500ML","2,000원"
"266","OKF)레몬진저500ML","2,000원"
"267","유어스)진심가득수박330ML","1,800원"
"268","유어스)하늘가득사과330ML","1,800원"
"269","유어스)하늘가득유자레몬330ML","1,800원"
"270","유어스)하늘가득자몽330ML","1,800원"
"271","동아)컨피던스병230ML","1,500원"
"272","해태)구운감자900","900원"
"273","해태)구운고구마900","900원"
"274","해태)맛동산2000","2,000원"
"275","해태)맛동산블랙90G","2,000원"
"276","해태)구운양파1500","1,500원"
"277","해태)무지방우유홈런볼1500","1,500원"
"278","해태)빠닭1500","1,500원"
"279","해태)허니버터칩프로마쥬블랑60G","1,500원"
"280","동화약품)부채표미인활액75ML","1,000원"
"281","활황)레모나스파클링400ML","1,700원"
"282","활황)우유스파클링350ML","1,500원"
"283","활황)요구르트스파클링350ML","1,500원"
"284","동원)양반배식혜500ML","1,800원"
"285","유어스(P)지리산하동녹차500ML","2,000원"
"286","진로)토닉워터300ML","1,400원"
"287","쟈뎅)시그니처(헤이즐넛)1.1L","3,900원"
"288","쟈뎅)시그니처아메(블랙)1.1L","3,900원"
"289","쟈뎅)시그니처아메(스위트)1.1L","3,900원"
"290","아워티)레몬얼그레이티500(신)","2,000원"
"291","아워티)오렌지자몽블랙티500(신)","2,000원"
"292","S&P)카카오랏미니브릭200ML","1,200원"
"293","웅진)꿀먹은초록매실180ML","1,300원"
"294","웅진)아침햇살340ML","1,500원"
"295","웅진)자연은토마토340ML","1,500원"
"296","웅진)초록매실340ML","1,500원"
"297","유어스)샤인머스캣500ML","1,900원"
"298","웅진)광명찾은결명자차500ML","1,500원"
"299","웅진)누룽지차500ML","1,500원"
"300","웅진)하늘보리PET500ML","1,500원"
"301","가야)알로에농장500ML","1,900원"
"302","에비앙생수500ML","1,900원"
"303","트로피카나)스파클링망고355ML","1,200원"
"304","트로피카나)스파클링복숭아355ML","1,200원"
"305","트로피카나)스파클링오렌지355ML","1,200원"
"306","유어스)보솜이물티슈60매(캡형)","5,700원"
"307","유어스)보솜이물티슈20매","2,000원"
"308","빙그레)오늘의과일야채ABC190ML","1,200원"
"309","빙그레)오늘의과일야채사과190ML","1,200원"
"310","빙그레)오늘의과일야채포도190ML","1,200원"
"311","유어스(P)할리스리스트레또300ML","2,500원"
"312","유어스(P)할리스콜드브루300ML","2,500원"
"313","빙그레)통모짜스트링치즈18G","1,200원"
"314","빙그레)뿌려먹는모짜렐라치즈25G","1,000원"
"315","빙그레)쥬시쿨금귤감귤250ML","1,500원"
"316","빙그레)쥬시쿨에이드사과250ML","1,500원"
"317","빙그레)따옴사과주스235ML","2,000원"
"318","빙그레)따옴오렌지주스235ML","2,000원"
"319","빙그레)따옴한라봉청귤235ML","2,000원"
"320","빙그레)요플레토핑다크초코","1,500원"
"321","빙그레)요플레토핑프레첼&초코","1,500원"
"322","빙그레)스페셜티에티오피아460ML","2,500원"
"323","빙그레)아카페라사이즈업스윗아","2,200원"
"324","빙그레)아카페라사이즈업라떼","2,200원"
"325","빙그레)아카페라사이즈업바닐라","2,200원"
"326","빙그레)아카페라사이즈업아메리","2,200원"
"327","빙그레)아카페라마끼아또240ML","1,600원"
"328","빙그레)아카페라바닐라라떼240ML","1,600원"
"329","빙그레)아카페라아메리카노240ML","1,600원"
"330","빙그레)닥터캡슐사과130ML","1,800원"
"331","빙그레)닥터캡슐프로텍트130ML","1,800원"
"332","해태)고향만두김치450G","4,800원"
"333","삼립)페스츄리고구마피자","2,500원"
"334","삼립)페스츄리불고기피자","2,500원"
"335","삼립)페스츄리콤비네이션피자","2,500원"
"336","삼립)페스츄리핫치킨피자","2,500원"
"337","대림)한입피자고르곤졸라80G","1,900원"
"338","대림)한입피자불고기80G","1,900원"
"339","대림)한입피자콤비네이션80G","1,900원"
"340","명란크림파스타253G","3,500원"
"341","알리오올리오192.5G","3,500원"
"342","농심)감튀레드칠리맛60G","1,500원"
"343","퍼페티)츄파춥스250","250원"
"344","오뚜기)쌀떡국172G","3,500원"
"345","유어스)동파육200G","5,900원"
"346","유어스)장충동불족발180G","5,900원"
"347","오뚜기)사골곰탕500G","1,900원"
"348","오뚜기)쇠고기미역국밥(컵밥)","3,900원"
"349","오뚜기)구수한누룽지60G","2,200원"
"350","오뚜기)김치참치덮밥(컵밥)","4,500원"
"351","오뚜기)된장짜글이밥310G(컵밥)","4,500원"
"352","오뚜기)매콤낙지덮밥(컵밥)","4,500원"
"353","오뚜기)소시지카레덮밥(컵밥)","4,500원"
"354","오뚜기)수원식갈비탕밥311G(컵밥","4,500원"
"355","오뚜기)제육덮밥(컵밥)","4,500원"
"356","오뚜기)차돌강된장보리밥(컵밥)","4,500원"
"357","오뚜기)참치마요덮밥(컵밥)","4,500원"
"358","오뚜기)톡톡김치알밥(컵밥)","4,500원"
"359","유어스(P)황제컵밥(컵밥)","4,500원"
"360","유어스)템플산채비빔밥259G","4,500원"
"361","유어스)보양죽285G[D2]","2,900원"
"362","동원)양반김(들기름김)5G","600원"
"363","동원)양반전통김17G","1,500원"
"364","동원)양반백합미역국460G","4,500원"
"365","동원)양반쇠고기큰죽404G","4,500원"
"366","동원)양반야채큰죽404G","4,500원"
"367","동원)양반전복큰죽404G","4,500원"
"368","동원)양반차돌육개장460G","4,500원"
"369","동원)양반명품김자반50G","3,900원"
"370","동원)양반밤단팥죽285G","3,900원"
"371","동원)양반쇠고기죽285G","3,900원"
"372","동원)양반야채죽285G","3,900원"
"373","동원)양반영양닭죽285G","3,900원"
"374","동원)양반참치죽285G","3,900원"
"375","롯데)허쉬리치케익3600","3,600원"
"376","롯데)도리토스비츠62G","1,000원"
"377","롯데)치토스(매콤달콤)1500","1,500원"
"378","롯데)치토스스모키바베큐1500","1,500원"
"379","롯데)치토스초코츄러스73G","1,500원"
"380","롯데)치토스후라이드양념치킨맛","1,500원"
"381","롯데)에어베이크드어니언70G","2,000원"
"382","롯데)에어베이크드케틀콘칩70G","2,000원"
"383","롯데)에어베이크드포테이토70G","2,000원"
"384","롯데)꼬깔콘(매콤달콤)1500","1,500원"
"385","롯데)꼬깔콘고소한맛1500","1,500원"
"386","롯데)꼬깔콘군옥수수1500","1,500원"
"387","롯데)꼬깔콘스테이크화이타맛72G","1,500원"
"388","롯데)꼬깔콘치먹스파이시맛72G","1,500원"
"389","롯데)천하장사초단백질바1200","1,200원"
"390","롯데)천하장사초에너지바1200","1,200원"
"391","롯데)몽쉘(딸기맛)3000","3,000원"
"392","롯데)몽쉘카카오3000","3,000원"
"393","롯데)몽쉘크림3000","3,000원"
"394","롯데)샌드오리지널1500","1,500원"
"395","롯데)제크오리지널1500","1,500원"
"396","롯데)칙촉(티라미수)2400","2,400원"
"397","롯데)칙촉2400","2,400원"
"398","롯데)가나랑드샤쿠키91G","3,000원"
"399","롯데)아몬드빼빼로1500","1,500원"
"400","롯데)초코빼빼로1500","1,500원"
"401","롯데)크런키빼빼로1500","1,500원"
"402","해표)김이봉10G","1,000원"
"403","삼양)불닭마요소스250G","5,000원"
"404","폰타나)스위트콘컵수프20G","1,900원"
"405","폰타나)어니언크림컵수프20G","1,900원"
"406","안주야)간장도가니스지150G","6,400원"
"407","안주야)매콤껍데기150G","6,400원"
"408","안주야)매콤제육오돌뼈150G","6,400원"
"409","안주야)통마늘모듬곱창150G","6,400원"
"410","오리온)오!그래놀라바카카오1200","1,200원"
"411","오리온)오!그래놀라바검은콩1200","1,200원"
"412","오리온)오!그래놀라바단호박1200","1,200원"
"413","오리온)오!그래놀라바무화과1200","1,200원"
"414","진마이랑)사천식탄탄면(용기)","2,000원"
"415","사천왕)마라탕면(용기)","2,500원"
"416","사천왕)마라훠궈탕면(용기)","2,500원"
"417","씨알)오곡초코볼420G","5,900원"
"418","씨알)크루통시리얼400G","5,900원"
"419","오뚜기)진짬뽕(봉지)","1,500원"
"420","오뚜기)크림진짬뽕(봉지)","1,500원"
"421","오뚜기)개포동쌀국수(용기)","2,000원"
"422","오뚜기)오동통면(용기)","1,400원"
"423","오뚜기)진진짜라(용기)","1,600원"
"424","오뚜기)진짬뽕(용기)","1,600원"
"425","오뚜기)크림진짬뽕(용기)","1,600원"
"426","정화)오쥐GO!40G","4,800원"
"427","정화)후라이드어포30G","2,000원"
"428","정화)롱피쉬스낵60G","3,500원"
"429","정화)정품오징어30G","5,300원"
"430","오맛포매운맛1600","1,600원"
"431","오맛포오리지널1600","1,600원"
"432","유동)번데기가미130G","2,200원"
"433","신화)대왕오징어다리50G","5,900원"
"434","허닭)닭가슴살육포(매운맛)40G","4,700원"
"435","허닭)닭가슴살육포(바베큐)40G","4,700원"
"436","코주부)무안양파육포40G","3,400원"
"437","코주부)블랙트러플오일육포40G","4,500원"
"438","동원)상상버터오징어60G","5,000원"
"439","동원)상상육포40G(비프앤치즈)","5,000원"
"440","동원)상상육포40G(스테이크)","5,000원"
"441","동원)상상육포40G(안심)","5,000원"
"442","대상)레드페퍼매콤고추30G","3,500원"
"443","대상)치즈촘촘툼바치즈30G","3,500원"
"444","진주)천하장사육포갈릭45G","4,800원"
"445","샘표)질러크레이지핫육포30G","4,200원"
"446","샘표)질러부드러운우육포30G","4,000원"
"447","샘표)질러빠다콘쓰30G","4,200원"
"448","맥널티)아이브루다크블랜드30T","4,800원"
"449","맥널티)아이브루모카블랙30T","4,800원"
"450","맥널티)아이브루헤이즐넛향30T","4,800원"
"451","랩노쉬)리얼그레인50G","2,500원"
"452","랩노쉬)쿠키쇼콜라50G","2,500원"
"453","티젠)콤부차(10입)[D2]","7,500원"
"454","티젠)에너지티10입","7,500원"
"455","티젠)자몽쏙10입","7,500원"
"456","동원)양반돼지고기장조림270G","3,900원"
"457","동원)양반메추리알장조림270G","3,900원"
"458","동원)리챔340G","6,800원"
"459","동원)라이트스탠다드아트캔135G","3,300원"
"460","동원)리챔120G","3,500원"
"461","동원)참치크래커(고소한맛)","3,600원"
"462","동원)참치크래커(매콤한맛)","3,600원"
"463","롯데)퀘이커오트밀(그레인)","2,000원"
"464","롯데)퀘이커오트밀(서리태)","2,000원"
"465","롯데)퀘이커오트밀(찰옥수수)","2,000원"
"466","네스카페)크레마5T","1,700원"
"467","네슬레)핫쵸코오리지날원컵","1,100원"
"468","네스카페)수프리모골드20입","4,900원"
"469","네스카페)신선한모카원컵","1,000원"
"470","수프리모)스위트아메리카노원컵","1,000원"
"471","이디야)비니스트미니오리지널","2,700원"
"472","이디야)비니스트스페셜10입","2,700원"
"473","이디야)스페셜모카블렌드20입","4,800원"
"474","담터)아몬드호두율무차원컵","1,500원"
"475","삼양)짱구1300","1,300원"
"476","로아카)라즈베리요거트1500","1,500원"
"477","로아카)밀크웨하스1500","1,500원"
"478","로아카)바닐라웨하스1500","1,500원"
"479","로아카)카카오웨하스1500","1,500원"
"480","오리온)후레쉬베리3300","3,300원"
"481","오리온)참붕어빵4200","4,200원"
"482","오리온)찰초코파이앙크림336G","5,000원"
"483","오리온)마켓오빵둥이96G","1,200원"
"484","미성)허쉬다크&화이트칩1500","1,500원"
"485","허쉬)초콜릿칩베리쿠키1500","1,500원"
"486","허쉬)초콜릿칩쿠키1500","1,500원"
"487","스위트)맥비티투고다이제스티브","900원"
"488","스위트)맥비티베이크미니체다50G","1,500원"
"489","크라운)그레이스85G","1,300원"
"490","크라운)버터와플3000","3,000원"
"491","크라운)쿠크다스3000","3,000원"
"492","크라운)쿠크다스비엔나커피3000","3,000원"
"493","크라운)빅카초58G","1,200원"
"494","크라운)카라멜&땅콩1200","1,200원"
"495","크라운)콘칩골드56G","1,200원"
"496","크라운)못말리는신짱1500","1,500원"
"497","크라운)신짱씨앗호떡120G","1,500원"
"498","크라운)츄러스허니시나몬맛1500","1,500원"
"499","크라운)카라멜콘메이플1500","1,500원"
"500","청우)광삭감자스낵72G","1,200원"
"501","청우)광삭카라멜꽈배기72G","1,200원"
"502","서울)뻥이요","1,200원"
"503","서울)추억의허니뻥이요1200","1,200원"
"504","삼경)색종이과자(레드)1500","1,500원"
"505","삼경)색종이과자(블루)1500","1,500원"
"506","삼경)블랙트러플감자칩25G","1,400원"
"507","흥선)야채크래커1200","1,200원"
"508","보노미)페스튜리2000","2,000원"
"509","오레오)웨하스스틱초코2500","2,500원"
"510","오레오초코크림1500","1,500원"
"511","오레오화이트크림1500","1,500원"
"512","스위트)맥비티니블더블초코37G","1,500원"
"513","스위트)맥비티니블밀크초코37G","1,500원"
"514","구어메이)레드벨벳케이크스낵60G","1,500원"
"515","오리온)다이제볼1200","1,200원"
"516","오리온)후라보노쿨민트800","800원"
"517","오리온)자일리톨통껌4000","4,000원"
"518","오리온)와우소다껌500","500원"
"519","오리온)와우톡톡콜라껌500","500원"
"520","오리온)와우포도껌500","500원"
"521","해태)자유시간(BIG)1500","1,500원"
"522","해태)티피(오리지널)1200","1,200원"
"523","해태)티피(크리스피)1200","1,200원"
"524","해태)자유시간골드1000","1,000원"
"525","해태)자유시간아몬드1000","1,000원"
"526","해태)연양갱900","900원"
"527","미성)망고젤리1000","1,000원"
"528","미성)복숭아젤리1000","1,000원"
"529","미성)사과젤리1000","1,000원"
"530","미성)거봉젤리5000","5,000원"
"531","미성)청포도젤리5000","5,000원"
"532","트롤리)타란튤라구미2000","2,000원"
"533","삼경)쥬라기공룡젤리1300","1,300원"
"534","크라운)마이쮸(딸기)800","800원"
"535","크라운)마이쮸(복숭아)800","800원"
"536","크라운)마이쮸(사과)800","800원"
"537","크라운)마이쮸(포도)800","800원"
"538","크라운)미니쉘딸기1000","1,000원"
"539","크라운)미니쉘아몬드1000","1,000원"
"540","크라운)키커바1000","1,000원"
"541","크라운)키커바시리얼1000","1,000원"
"542","크라운)마이쮸딸기1500","1,500원"
"543","크라운)마이쮸포도1500","1,500원"
"544","허쉬)밀크초콜릿1500","1,500원"
"545","허쉬)아몬드초콜릿1500","1,500원"
"546","허쉬)쿠키앤초코초콜릿1500","1,500원"
"547","허쉬)쿠키앤크림초콜릿1500","1,500원"
"548","롯데)크런키카스볼1500","1,500원"
"549","롯데)크런키카쿠볼1500","1,500원"
"550","롯데)가나밀크티3000","3,000원"
"551","롯데)가나티라미수3000","3,000원"
"552","롯데)크런키초콜릿1000","1,000원"
"553","롯데)ABC초코2000","2,000원"
"554","롯데)가나다크밀크2000","2,000원"
"555","롯데)가나마일드2000","2,000원"
"556","롯데)가나밀크2000","2,000원"
"557","롯데)가나초코바땅콩1000","1,000원"
"558","롯데)가나초코바아몬드1000","1,000원"
"559","롯데)구미당기는구미1000","1,000원"
"560","롯데)구미당기는구미3가지맛1000","1,000원"
"561","롯데)구미당기는구미딸기1000","1,000원"
"562","롯데)목캔디1000","1,000원"
"563","롯데)목캔디믹스베리1000","1,000원"
"564","롯데)목캔디생강원1000","1,000원"
"565","롯데)후라보노1000","1,000원"
"566","롯데)후라보노마일드1000","1,000원"
"567","롯데)후라보노아이스1000","1,000원"
"568","흥선)보석반지사탕500","500원"
"569","호올스)블리스터라즈베리","1,000원"
"570","몬델리즈)호올스멘토립투스1000","1,000원"
"571","몬델리즈)호올스블루베리1000","1,000원"
"572","몬델리즈)호올스아이스블루1000","1,000원"
"573","몬델리즈)호올스자몽1000","1,000원"
"574","몬델리즈)호올스하니레몬1000","1,000원"
"575","흥선)밀카스트로베리바1500","1,500원"
"576","타블론밀크초콜릿35G","1,500원"
"577","흥선)캐드베리트월1500","1,500원"
"578","흥선)캐드베리크런치1500","1,500원"
"579","HAO)밀크츄딸기맛1500","1,500원"
"580","HAO)밀크츄옥수수맛1500","1,500원"
"581","WNP)사우어스트로베리향스틱젤리","1,200원"
"582","위스트)알리바이다크맥스1000","1,000원"
"583","위스트)프리바이오틱스(복숭아)","1,500원"
"584","위스트)프리바이오틱스(청포도)","1,500원"
"585","제이스)락캔디1500","1,500원"
"586","프리스키)파티믹스비치(60G)","4,500원"
"587","프리스키)파티믹스클래식(60G)","4,500원"
"588","대상)사천깐풍소스뿌렸닭200G","5,900원"
"589","대상)양념치킨소스뿌렸닭200G","5,900원"
"590","CJ)가쓰오우동(용기)","2,900원"
"591","CJ)얼큰우동221G","2,900원"
"592","CJ)비비고김치왕교자385G","4,800원"
"593","CJ)비비고매운왕교자315G","4,800원"
"594","CJ)비비고새우왕교자315G","4,800원"
"595","CJ)비비고왕교자420G","4,800원"
"596","CJ)숯불향닭강정200G","4,800원"
"597","CJ)숯불향바베큐바280G","4,800원"
"598","CJ)비비고사골컵만둣국160G","3,500원"
"599","CJ)비비고수제만두고기200G","3,500원"
"600","CJ)비비고수제만두김치200G","3,500원"
"601","종가집)맛김치200G","2,700원"
"602","종가집)맛김치50G","850원"
"603","CJ)비비고김치볶음80G","1,400원"
"604","CJ)비비고썰은배추김치60G","1,000원"
"605","크리넥스)비말에어마스크1입","1,100원"
"606","푸르밀)칼로바이곡물250ML","2,500원"
"607","푸르밀)칼로바이초코250ML","2,500원"
"608","킬바사핫도그139G","2,000원"
"609","수향)순수향욕심담은만두180G","2,800원"
"610","롯데)빅핫도그140G","2,400원"
"611","오뚜기)새우볶음밥230G","3,500원"
"612","오뚜기)참치김치치즈볶음밥230G","3,900원"
"613","오뚜기)컵피자콤비네이션","3,800원"
"614","오뚜기)직화닭발150G","7,900원"
"615","오뚜기)직화오돌뼈150G","7,900원"
"616","오뚜기)불고기피자UNO180G","5,500원"
"617","오뚜기)콤비네이션피자UNO195G","5,500원"
"618","오뚜기)딤섬새우슈마이135G","3,000원"
"619","오뚜기)브리또페페로니125G","3,000원"
"620","뚜또)딸기요구르트젤리","2,400원"
"621","뚜또)후르츠믹스","2,400원"
"622","풀무원)국물떡볶이170G","2,700원"
"623","유어스(P)매운맛볶음밥210G","3,900원"
"624","유어스(P)오리지널볶음밥210G","3,900원"
"625","한울)꼬마볶음김치100G","1,200원"
"626","CAFE25)블랙500ML","2,500원"
"627","CAFE25)헤이즐넛500ML","2,500원"
"628","남양)맛있는우유GT딸기300ML","1,500원"
"629","남양)맛있는우유GT초코300ML","1,500원"
"630","남양)맛있는우유GT커피300ML","1,500원"
"631","남양)또떠불초코&그래놀라125G","1,400원"
"632","남양)또떠불하트초코125G","1,400원"
"633","남양)루카스더블샷라떼250ML","2,000원"
"634","남양)루카스라떼250ML","2,000원"
"635","남양)루카스아메리카노250ML","2,000원"
"636","남양)이오20S 135ML","1,000원"
"637","남양)FC로스터리슈크림라떼320ML","2,500원"
"638","남양)프렌치몽블랑라떼320ML","2,500원"
"639","남양)프렌치흑임자라떼320ML","2,500원"
"640","남양)프렌치카페(벨벳비엔나모카","1,500원"
"641","남양)프렌치카페(카페오레)","1,500원"
"642","남양)프렌치카페(카푸치노)","1,500원"
"643","남양)프렌치카페카라멜마키아또","1,500원"
"644","서울)아침에주스골든사과230ML","1,500원"
"645","서울)아침에주스제주감귤230ML","1,500원"
"646","서울)아침에주스청포도230ML","1,500원"
"647","서울)강릉커피라떼250ML","2,300원"
"648","서울)강릉커피블랙250ML","2,300원"
"649","서울)너티초코우유300ML","1,500원"
"650","서울)딸기우유300ML","1,500원"
"651","서울)바나나우유300ML","1,500원"
"652","서울)살롱밀크티300ML","1,500원"
"653","서울)초코우유300ML","1,500원"
"654","서울)귀리우유190ML","1,200원"
"655","서울)흑임자우유190ML","1,200원"
"656","델몬트)콜드쥬스오렌지250ML","1,400원"
"657","델몬트)콜드쥬스포도250ML","1,400원"
"658","콜드비타민플러스오렌지240ML","1,400원"
"659","콜드비타민플러스포도240ML","1,400원"
"660","롯데)오가닉레드비트&배&토마토","1,400원"
"661","롯데)오가닉사과&당근125ML","1,400원"
"662","롯데)오가닉적포도&보라당근","1,400원"
"663","맥심)TOP로스티라떼360ML","2,400원"
"664","맥심)TOP로스티블랙360ML","2,400원"
"665","맥심TOP)스위트아메리카노240ML","1,800원"
"666","맥심TOP)심플리스무스라떼240ML","1,800원"
"667","맥심TOP)심플리스무스블랙240ML","1,800원"
"668","맥심)TOP너티카라멜라떼300ML","2,200원"
"669","맥심)TOP마일드라떼300ML(컵)","2,200원"
"670","맥심)TOP볼드라떼300ML(컵)","2,200원"
"671","맥심)TOP에스프레소라떼300ML","2,200원"
"672","맥심)TOP트루블랙300ML(컵)","2,200원"
"673","매일)상하미니칼슘체다치즈48G","2,000원"
"674","매일)상하미니크림치즈48G","2,000원"
"675","매일)엔요280ML","1,400원"
"676","매일)바이오알로에요거트120G","1,500원"
"677","매일)바이오드링킹딸기250ML","1,800원"
"678","매일)바이오드링킹매실푸룬250ML","1,800원"
"679","매일)바이오드링킹블루베리250ML","1,800원"
"680","매일)바이오드링킹사과250ML","1,800원"
"681","매일)바이오드링킹플레인250ML","1,800원"
"682","매일)과일야채샐러드그린190ML","1,800원"
"683","매일)과일야채샐러드녹황190ML","1,800원"
"684","매일)과일야채샐러드레드190ML","1,800원"
"685","매일)과일야채샐러드퍼플190ML","1,800원"
"686","유어스)달고나라떼250ML","2,000원"
"687","매일)바리스타디카페인라떼325ML","2,500원"
"688","매일)바리스타민트라임라떼325ML","2,500원"
"689","매일)바리스타바닐라빈라떼325ML","2,500원"
"690","매일)바리스타쇼콜라모카325ML","2,500원"
"691","매일)바리스타콜드브루블랙325ML","2,500원"
"692","매일)바리스타플라넬드립라떼325","2,500원"
"693","다논)요거톡스타볼133G","1,400원"
"694","다논)요거톡초코그래놀라130G","1,400원"
"695","다논)액티비아업딸기210ML","1,900원"
"696","다논)액티비아업복숭아210ML","1,900원"
"697","다논)액티비아업플레인210ML","1,900원"
"698","유어스)야쿠르트그랜드280ML","1,300원"
"699","유어스)야쿠르트그랜드딸기280ML","1,300원"
"700","유어스)야쿠르트그랜드라이트","1,300원"
"701","야쿠르트)핫브루바닐라라떼270","2,500원"
"702","야쿠르트)콜드브루아메리카노270","2,000원"
"703","덴마크)슈레드피자치즈25G","1,000원"
"704","덴마크)인포켓치즈20G","1,300원"
"705","덴마크)인포켓치즈라이트20G","1,300원"
"706","덴마크)인포켓치즈트러플맛20G","1,300원"
"707","덴마크)얼라이브망고250ML","1,500원"
"708","덴마크)얼라이브머스캣청포도250","1,500원"
"709","덴마크)얼라이브블러드오렌지250","1,500원"
"710","덴마크)얼라이브스위티자몽250ML","1,500원"
"711","덴마크)요거밀왕초코링134G","1,500원"
"712","덴마크)요거밀카카오그래놀라132","1,500원"
"713","유어스)쩐주단치즈폼흑당밀크티","2,500원"
"714","유어스)쩐주단흑당밀크티300ML","2,500원"
"715","유어스)타이거슈가흑당밀크티300","2,500원"
"716","유어스)타이거슈가흑당카페라떼","2,500원"
"717","덴마크)콩카페연유라떼250ML","2,000원"
"718","덴마크)콩카페코코넛라떼250ML","2,000원"
"719","덴마크)콩카페코코넛카카오250ML","2,000원"
"720","덴마크)커핑로드모카라떼300ML","2,500원"
"721","덴마크)커핑로드버터크림라떼300","2,500원"
"722","덴마크)커핑로드에스프레소라떼","2,500원"
"723","덴마크)커핑로드카페봉봉300ML","2,500원"
"724","덴마크)커핑로드흑당크림라떼300","2,500원"
"725","덴마크)블랙아메리카노350ML","2,200원"
"726","덴마크)스윗아메리카노350ML","2,200원"
"727","덴마크)딸기딸기우유300ML","1,500원"
"728","덴마크)모닝시리얼우유310ML","1,500원"
"729","덴마크)민트초코우유310ML","1,500원"
"730","덴마크)블랙슈가밀크티300ML","1,500원"
"731","덴마크)시나몬초코우유300ML","1,500원"
"732","덴마크)초코초코우유300ML","1,500원"
"733","덴마크)카페라떼(민트)","1,500원"
"734","덴마크)커피커피우유300ML","1,500원"
"735","유어스)동물농장황태슬라이스","3,300원"
"736","동원)뉴트리플랜흰살참치와멸치","1,500원"
"737","동원)뉴트리플랜흰살참치와치즈","1,500원"
"738","동원)애묘캔-흰살참치와닭가슴살","1,500원"
"739","동원)애묘파우치(참치와연어)80G","1,500원"
"740","유어스)동물농장애묘습식(멸치)","1,500원"
"741","유어스)동물농장애묘습식(참치)","1,500원"
"742","MAC)바이오스포츠양말(흰색)","4,000원"
"743","동물농장닭가슴살소프트45G","3,700원"
"744","ZK)여성풋커버검정","3,900원"
"745","ZK)여성풋커버살구","3,900원"
"746","소세지어묵바90G","2,000원"
"747","치즈어묵바90G","2,000원"
"748","효성)땡초어묵바80G","2,000원"
"749","동원)극한직화후랑크70G","2,200원"
"750","동원)극한직화후랑크치즈70G","2,200원"
"751","진주)천하장사BIG70G","2,000원"
"752","대광)소떡소떡135G","2,000원"
"753","롯데)비엔나135G","4,000원"
"754","롯데)직화구이나눠바120G","3,000원"
"755","의성마늘프랑크140G(70G*2)","3,400원"
"756","롯데)의성마늘빅프랑크90G","2,100원"
"757","롯데)키스틱55G","1,600원"
"758","CJ)맥스봉치즈70G","2,000원"
"759","CJ)맥스봉불닭구이맛핫바90G","2,000원"
"760","CJ)맥스봉청양고추후랑크80G","2,000원"
"761","라엘)유기농순면롱라이너18P","5,000원"
"762","라엘)유기농순면커버중형14P","8,500원"
"763","라엘)유기농순면커버대형12P","8,500원"
"764","강릉초당)순두부아이스크림","2,500원"
"765","강릉초당)초코순두부아이스크림","2,500원"
"766","곰표)밀눈아이스크림콘150ML","2,500원"
"767","라베스트)갤러초코콘160ML","2,500원"
"768","라베스트)그릭요거콘160ML","2,500원"
"769","라베스트)리치치즈케이크콘","2,500원"
"770","라베스트)민트초코콘","2,500원"
"771","라벨리)악마파르페","2,500원"
"772","디핀)히말라얀솔트콘150ML","2,000원"
"773","라베스트)그릭요거트바85ML","2,000원"
"774","라벨리)떠먹는요거트볼175ML","2,000원"
"775","빙)끌레도르쿠키앤크림바90ML","2,000원"
"776","빙그레)끌레도르쿠키앤초코90ML","2,000원"
"777","웅진)아침햇살흑임자콘150ML","2,000원"
"778","유어스(P)다크초코라즈베리바","2,000원"
"779","허쉬)밀크초코바","2,000원"
"780","허쉬)초코바","2,000원"
"781","허쉬)쿠키앤크림바","2,000원"
"782","허쉬)토피넛초코바","2,000원"
"783","디핀)히말라얀솔트바90ML","1,800원"
"784","라벨리)티파니에서민트초코컵140","1,800원"
"785","롯데)가나초코렛바90ML","1,800원"
"786","유어스)크런키바딸기90ML","1,800원"
"787","디핀)애플베리바80ML","1,500원"
"788","웅진)아침햇살아이스바80ML","1,500원"
"789","웅진)초록매실아이스바75ML","1,500원"
"790","유어스(P)그랜드야쿠르트바80ML","1,500원"
"791","유어스(P)요구르트딸기바80ML","1,500원"
"792","템포레귤라10입","6,200원"
"793","템포슈퍼10입","6,200원"
"794","LG)급속싱글USB충전세트(C타입)","16,500원"
"795","아이보스)18WCTO8핀라이트닝케이","16,000원"
"796","리큐)진한겔액체세제1L(겸용)","8,900원"
"797","애경)NEW스파크1KG","4,200원"
"798","애경)울샴푸1L용기","6,900원"
"799","쏘피)내몸에순한면라이너28P","4,400원"
"800","쏘피)볼록맞춤중형4P","1,550원"
"801","가그린)오리지널380ML","4,900원"
"802","가그린)라임100ML","1,900원"
"803","가그린)오리지널100ML","1,900원"
"804","갸스비)매트&하드스프레이200ML","8,500원"
"805","갸스비)셋앤킵스프레이263ML","8,500원"
"806","존슨즈베이비오일125ML","6,000원"
"807","리스테린)쿨민트100ML","2,100원"
"808","리스테린)쿨민트마일드100ML","2,100원"
"809","리스테린)그린티250ML","5,000원"
"810","리스테린)헬시브라이트250ML","5,000원"
"811","크리오)더스타일칫솔1입","2,600원"
"812","존슨즈화이트후레쉬로션100ML","6,000원"
"813","리뉴)멀티플러스120ML","3,000원"
"814","리뉴)여행용패키지60ML","3,000원"
"815","마릴린먼로)콘돔3P(오리지날)","4,000원"
"816","마릴린먼로)콘돔3P(리얼슬림핏)","5,500원"
"817","레인보우샵)핸드소독젤500ML","8,000원"
"818","아트릭스)스트롱프로텍션75ML","4,900원"
"819","니베아)인텐시브바디로션125ML","5,500원"
"820","이것참)따끈하구마찰빵(1입)","2,500원"
"821","반반한)초코브라우니(1입)","2,200원"
"822","반반한)치즈브라우니(1입)","2,200원"
