"","title","point","review"
"1","완벽한 타인","9","내 안에 있는 타인과내가 바깥으로 대하는 타인그리고 나를 바라보는 타인의 두가지 시선 때로는 감추고 포장해야 관계는 평화로울 수 있다"
"2","명탐정 코난: 진홍의 수학여행","8","죽은사람이 불쌍하군영"
"3","노아","1","성경에 나온 노아가 아닌대?싸이코 패스 인줄...차라리 판타지할거면 좀 멋드러지게 하던가..심하다"
"4","미나리","2","재미없어요기다리다가 개봉  동시에 예약하고 보러갔는데기대이하 지겨웠어요"
"5","이미테이션 게임","8","어떤 위대한 업적을 이뤄낸 사람들의 공통점일까? 정말 평범한 열정이 아니라고 생각한다. 사람 자체로도 특이하고 유별나긴 했지만 무언가를 향한 그 집념과 끈기에서 특히 더 두드러졌다고 생각한다. 특히 지금의 나와 연결지을 수 있어서일까. 그 부분에서 참 나를 부끄럽게 했다. 지금의 나는 목표를 향해 나아가는데 있어서 저런 열정 하나 없다. 남들보다도 덜 열심히 하면서 내가 뭘 해낼 수 있을까 싶어서 반성하고 반성한다."
"6","라스트 레터","10","그는 이제 첫사랑을 보내줄 수 있게 된 듯 하다"
"7","극장판 귀멸의 칼날: 무한열차편","10","그냥 말해뭐해,,,,"
"8","아이","10","재밌는데 슬퍼요ㅜㅜ 모두들 화이팅!!"
"9","미나리","6","겪어보지 않은 일이라도 영화는 공감을 이끌어 낼 수 있다. 하지만, 나에겐 넘 어려운 문제였다.할머니와 데이빗의 상황에서 눈물이 나는 코드도 있었지만 크게 감동적인 영화라고 보긴 어려웠다.그냥 짧은 시를 한 편 읽은 듯한 느낌이 든다."
"10","극장판 귀멸의 칼날: 무한열차편","10","너무 재밌다 근데 슬프다 ㅜㅜ"
"11","미나리","10","화면이 예쁘고 가족감성이라 좋네요"
"12","미나리","10","물과 미나리, 그 메타포가 좋다"
"13","미나리","8","한국사람이라면 누구든 공감할만한..그러나 쉽게 기억 못하는 추억."
"14","PMC: 더 벙커","1","별 반개도 아까운 영화. 문재인스럽다."
"15","노스바스의 추억","5","눈 덮인 마을에 노년의 인생. 소소한 소재와 복선에 의아한 고평가. 멜라니 그리피스는 왜 굳이 아름다운 상체를 드러내나. 총만 안 들었지 올드한 웨스턴의 향취가 남은 서사."
"16","미나리","10","따뜻해지고 여운이 남는 영화였습니다. 미국땅 어느 작은 숲속에서도 잘 자라는 한국 미나리처럼 우리나라 사람들도 어디서든 잘 살아남길 바라봅니다."
"17","이웃사촌","1","개보다 못한 쓰 레 기 영 화 !!!  구역질나는 좌빨들이 정권잡고 하는 짓 봐라 !!!  미화도 작작해야지 거부감이 생기는 더러운 쓰레기 영화 !!!"
"18","미나리","10","꼭보세요 너무 잘만든 영화같아요"
"19","미나리","5","전혀.... 아니올시다."
"20","미나리","8","미국 수맥찾는법 확인가능함. 장비 국내와 유사한걸로 밝혀져."
"21","미나리","8","억지 신파가 아닌 담담한 연출로도 충분한 감동"
"22","그녀를 보기만 해도 알 수 있는 것","4","걍~ 본능에 충실한... 부럽! ;;;"
"23","미나리","6","잔잔한감동이 있고 돈보다 가족이우선이라는 뭔가 울림이있네요~윤여정씨의 아픈연기는 정말대단해요~데이빗손주와 외할머니의 케미가 돋보였습니다"
"24","#살아있다","2","10원도 아깝다곸ㅋㅋㅋ진짜 유아인 박신혜도 한창 반등해야할 나이인데, 무슨 자신감과 안목으로 차기작을 고르는건지 이해1도 0.01도 안됨"
"25","소울","10","답답한 현실을 웃으면서 사는 방법에 관한 영화임"
"26","극장판 페이트/그랜드 오더 신성원탁영역 카멜롯 완더링; 아가트람","2","기대하고 봤더니 실망만 했습니다. 스토리 연출이 아주 개판"
"27","미나리","8","저의 눈물을 자극할 정도로 감동적이었어요. 마지막에 데이빗이 할머니한테 달려갈 때 제일 좋았어요. 해피엔딩이었으면 더 좋았을 것 같아요!"
"28","라스트 레터","10","배우들 연기도 좋았고 스토리도 이정도면 나름 만족해요!!다 보고 나서 여운이 오래가네요...."
"29","미나리","10","다른거 다 모르겠고!감독 센스가 대단함! 이건 감독 능력임!영화가 세련됐음!이런 스토리를 이렇게 아름답게 풀다니...보는 내내 영상이 너무 아름답고...음악도 너무 아름다움"
"30","미나리","10","한예리 배우님 연기 정말 훌륭하십니다"
"31","마이너리티 리포트","10","중딩때 친구 따라서 극장에서 봤다가 너무 감명깊게 본 기억이 있어서 왓챠에 뜬거 다시 봤는데 그 시절때 봤던거보다 2배는 더 잼있다아니 최근에 나온 모든 영화 통틀어 다섯손가락 안에 들어감"
"32","몬스터 헌터","1","총을 수백발 맞아도 움찔도 안하는 몬스터들이 칼로는 숭숭 썰린다.  땅속으로 이동하는게 차량보다 더 빠르던 몬스터는 땅 위로 올라오니 사람 달리는 속도가 된다."
"33","머니백","5","평점이 나쁘지않아 넷플로봤는데..뭔가 계속 아쉽네요.터질듯터질듯하면서 아쉬운느낌이랄까..따로 시간을 내서 볼필요까진없는듯"
"34","미션 파서블","10","오랜만에 아무생각 없이 넘 재밋게 봣어요 ㅠㅠㅠ 웃음포인트도 많고 계속 생각나요 ㅋㅋㅋㅋ"
"35","화려한 휴가","10","아니 ㅅㅂ 한국사 공부를 안했나 ㅁㅊㅅㅋ들이 이걸 폭동이라 하네 정신병자들이 일베충 내눈에 띄지마라 OO다 진짜"
"36","아메리칸 허슬","7","시간 남아서 본 영화... 그냥 괜찮은정도?"
"37","미나리","4","내가 수준이 낮은건지.. 너무 난해하다..배우들 대사 전달도 잘 안됐을뿐더러 보는내내 지루했다.."
"38","친절한 금자씨","9","어릴 때는 몰랐는데 성인이 되고 나이가 들어서 보니 또 다르다 금자는 13년동안 얼마나 복수를 갈망했을까... 복수신은 잔인하다 생각들면서도 통쾌했다 영화속 요즘 활발하게 활동하는 반가운 배우들의 얼굴도 많고 좋았다"
"39","극장판 귀멸의 칼날: 무한열차편","10","27살,, 귀멸의칼날 보고 울기 딱 좋은 나이입니다...혼자 영화관가서 감동 먹고 오열했습니다...마지막 엔딩곡도 너무 좋습니당..."
"40","미나리","10","그냥 보세요.. 엄청난 영화임"
"41","카오스 워킹","5","캐릭터에만집중한 사건들"
"42","미나리","10","어디서나 잘 자라는 미나리처럼, 미국 그 어딘가에 정착했을 그들을 상상하게 만드는 영화."
"43","미나리","10","재밌게 잘봤네요ㅎㅎㅎ 마음이 따뜻해져요"
"44","킹 아서: 제왕의 검","9","생각없이 봤는데 스케일이 큰 영화네? 하면서 빠져들었다 다 아는 엑스칼리버 얘기인데 영화로 만드니 시간가는 줄 모르고 재밌게 봤다"
"45","미나리","8","갈등이있기에 해쳐나갈수있다"
"46","미나리","8","이민자들에게  큰 감동을 주었음이 분명하겠어요"
"47","미나리","6","하 그닥 결말 뭔가요?차라리 미나리 농사를 지어서 돈을 크게 번다 뭐 이런 것도 아니고"
"48","미나리","7","기대보다는 스토리가 큰 감흥은 없습니다연기는 잔잔하게 볼 만 합니다"
"49","죄 많은 소녀","8","연출을 좀 무겁게 했지만, 그로 인해 더 생생했다 전여빈 배우님 원석발견영화."
"50","극장판 귀멸의 칼날: 무한열차편","10","진짜 여러분들 휴지 챙겨가세요 4d로 봐도 재밌는데 4d로 보면 울거 같은 장면에서 의자가 움직여서 안울수도 있습니다. 진짜 개인 소장해서 여러번 보고 싶은 영화입니다."
"51","에놀라 홈즈","10","영화 잘 봤습니다 창작의 자유이니 너무 서로 헐뜯지 맙시다 근데 일부 남자들보고 반성하라는 말이 자주 보이는데 뭘 반성해야 되죠?? 여성이라고 무시하면서 산적 없는데 80년대 이후로 태어난 남자들은 거의다 저랑 비슷한 생각일거임 사회구조적인 문제와 기성세대가 잘못한걸 왜 우리한테 풀고있는지"
"52","미나리","8","잔잔한 영화생각보다 큰 감동은 아니었다.기대가 컸나?"
"53","포비아","2","그럭저럭. 서프라이즈 수준의 공포."
"54","도굴","5","롤토체스 하면서 사운드 채우기에는 적합했어요."
"55","미나리","6","영화는 밋밋했어요음악은 좀 촌스러워서 거슬렸구요배우들의 어색한 한국어가 몰입을 방해했어요어?이게 끝이야의 엔딩이었습니다"
"56","미나리","4","딱 상주는 사람들 취향인 영화.. 공감이 잘 안됨"
"57","꾼","10","와 나 평점 처음 써보는데 개재밌다 넷플에 나와서 아무생각 없이 틀었는데 존잼 반전에반전 그와중에 현빈 존잘 다들 꼭 보셈"
"58","극장판 귀멸의 칼날: 무한열차편","10","눈물바다....넘모 잼잇쟌아"
"59","미나리","6","마무리가 비교적 약했음"
"60","해리 포터와 불의 잔","10","롯데시네마랑 CGV 둘 다 봤는데 의자는 롯데시네마가 더 움직이고 특수효과는 CGV가 더 좋네요 근데 매장마다 다를 수 있으니 참고만 하세용"
"61","인랑","1","밀정은 완벽한데 인랑은 왜 이모양?"
"62","극장판 귀멸의 칼날: 무한열차편","10","쩔었다.. 애니를 극장가서 본것도 성인되고 처음이지만 이건 정말 볼만합니다"
"63","극장판 귀멸의 칼날: 무한열차편","10","난 너무 재밌었음 그럼 됐어"
"64","빽 투 더 퓨쳐 3","9","3부작이 서로 적절하고 자연스럽게 이어지면서 마지막 끝맺음까지 완벽한 고전명작"
"65","바이올렛 에버가든 - 영원과 자동 수기 인형 -","8","편지라는 매체가 가진 특징을 잘 살리면서, 서정적인 분위기, 극강의 작화, 멋진 OST까지. 자극적이지 않으면서 마음을 포근하게 적셔주는 고마운 시리즈."
"66","와호장룡","8","액션씬이 훌륭하고 씁쓸하면서도 애달픈 무협영화"
"67","톰과 제리","8","톰과제리는 옛날부터 많이 봐와서 지루하지 않았는데, 분량이 살짝 아쉽고, 클레이 모레츠와 협동 조합은 잘 안 맞은 거 같네요.."
"68","미나리","5","재미도 감동도 너어무 없음"
"69","극장판 귀멸의 칼날: 무한열차편","10","마스크 젖도록 울고 나옴.... 증말 보고와서 몇일째 못헤어나오는 중.. 싸움씬에 깔리는 오토튠 지리는 음악은 개 소름돋음!!!쿄쥬로ㅠㅠㅠㅠ♥ ♥ ♥ ♥"
"70","미나리","10","배우분들의 폭발적이면서도 절제된 연기가 너무 인상적이었네요. 윌 패튼의 힐빌리 신앙인 연기도 아주 원더풀 ♪"
"71","나의 소녀시대","7","유치한맛이 있긴하지만 볼만한 로맨스 영화"
"72","미나리","6","윤여정씨가 어디 아파하는 연기 그 때만 잠깐 훌쩍임. 그 외엔 그닥... 너무 스무스해서 영"
"73","게임의 법칙","8","홍콩느와르의 여파가 짙게 풍기지만, 그래도 좋았던 영화!!"
"74","어바웃 타임","9","가슴을 따뜻하게 해주는 정말 좋은 영화입니다 ㅎㅎ"
"75","미나리","10","흐르는 강물 영화가 생각나는 잔잔함과 가족애로 감동을 주는 영화였습니다.  ‘할머니가 자리를 잘 잡으셨네’ 엔딩의 대사는 여운이 남습니다.  미나리가 연약해 보이지만 바람결에 흔들리면서 보이는 장면은 한국 정서가 함축되어 보여주는 장면이라고 생각했습니다."
"76","미나리","10","많은 사람들이 보았으면 좋겠다 가족의 의미..."
"77","날씨의 아이","10","이 영화가 왜 호불호 갈리는지 모르겠습니다 저는 극호였습니다 !"
"78","극장판 귀멸의 칼날: 무한열차편","10","쵝오...!!더 이상 말이 필요없음...."
"79","미나리","9","잔잔하고 따뜻한 영화예요 개인적으로는 스티브 연의 연기가 전형적인 한국인의 모습이 아니어서 좀 아쉬웠지만 전체적으로 앙상블이 좋습니다 오버하지 않고 진정성 있게 끌고 나가는 스토리도 좋고요"
"80","미나리","10","보는 내내 나는 울었다...ㅠㅠ몰라 왜 울었는지... 그냥 눈물이 났어..."
"81","이미테이션 게임","10","이 영화는 미치다못해 경이롭다...."
"82","극장판 귀멸의 칼날: 무한열차편","1","쓰레기 전범영화 퉤 이런영화는 소비 금지임"
"83","소울","10","8세 아이랑 함께 봤는데 너무 감동적이였어요."
"84","간신","8","보는내내 속이 거북했어요..남자분들 혼자만 보세요 커플끼리는 비추해요..자극적이기는 엄청 자극적이에요..김강우 연기랑 연회장면이 기억에 남아요 여주인공 예쁘네요.."
"85","미나리","6","가족이 아메리칸 드림 이루는 모습이 나왔으면 더 좋았을듯 연기는 굿임"
"86","너의 여자친구","7","이엘리야 이쁜맛에보긴봤는데.. 휠체어에 곰돌이인형.. 매달고 다니지마라.. 죽는다..진짜;;"
"87","톰과 제리","6","색다른 영상미를 느낄수있었다. 배우들 연기잘함"
"88","미나리","9","고난 속에서 살아남는 가족 이야기. 기생충이 사회 부조리를 콕 짚어 내려다봤다면, 미나리는 현장 속으로 쑥 들어가 버린다. 연기, 촬영, 음악도 고루 좋은 듯"
"89","극장판 귀멸의 칼날: 무한열차편","10","그냥 애니메이션을 보면서 영상에 압도된적은 처음이었습니다. 정말 최고네요"
"90","미나리","10","할머니가 보고 싶어졌다."
"91","미나리","8","잔잔하고 아름다운.미나리 옆 잔물결같은 영화."
"92","국가부도의 날","1","감독님, 촬영장에 불좀 키고 찍으세요."
"93","미나리","6","내가 공감할수 없는 세대의 이야기 보고 나서도 여전히 공감하지 못했다"
"94","토이 스토리 3","10","나의 어릴 적 동심과 추억을 예쁜 앨범으로 만들어 준 행복한 선물같은 영화"
"95","완벽한 타인","10","조온나재밌음ㅋㅋ보는내내 개꿀잼"
"96","퀵","6","여기 나왔던 조연들은 다 대박이다... 지금 다 잘나가는 사람들만 나오네"
"97","미션 파서블","10","간만에 한국영화 재밌어요 ^^"
"98","미나리","10","그럼에도 불구하고 꿋꿋하게!"
"99","극장판 귀멸의 칼날: 무한열차편","10","최고의 영화입니다. 추천합니다."
"100","미나리","10","담백한 연출이 좋았어요"
"101","미나리","8","삶을 되돌아 보게 하는 잔잔한 영화입니다"
"102","극장판 귀멸의 칼날: 무한열차편","10","4번 즙짰습니다1. 탄지로 꿈속 회상씬2. 렌코쿠 첫 기술3. 렌코쿠 부상 후 탄지로 오열4. 렌코쿠 사망 직전 어머니 재회씬진짜 귀칼은 전설입니다"
"103","원더풀 고스트","4","대한민국 관객의 눈은 높아졌음. 이게 뭐임."
"104","덕구","10","그냥 영화시작하고 20분지나고부터 계속 울었어요 휴지뽑고 닦고 다젖고 젖어서 계속 눈물났어요 마음이저릴듯이크게다가온영화에요 저는 할아버지가 아주애기때 돌아가셔서 추억이없어 공감되는스토리는아니였던 제가 이정도오열하는데 하 정말 너무감동받고 그냥 마음속 깊게 새기고싶은 영화입니다 너무 잘봤어요"
"105","미나리","4","뭐 어쩌라는건지 기대가 너무 높았나 엥 스러웠다..갑자기 집에서 티비만 보고있으라니깐 구지구지 쓰레기를 태우고 미나리 찬양에...음;"
"106","미나리","10","이용철이는 평점이 항상 낮냐"
"107","뚝방전설","7","킬링타임용 괜찮음.철부지가 현실을 깨닫고 철이 드는 과정.주연,조연보다 우정출연한 유지태의압도적인 장악력이 돋보이는 작품."
"108","미나리","8","진짜 가족같은, 모든 배우들의 연기가 넘 좋았어요. 특히 한예리 배우님의 연기가 이번에 눈에 띄게 좋았습니다. 윤여정 배우님의 새로운 할머니 역할도 참 인상 깊었고, 극의 중심을 잘 잡아주셔서 참 좋았습니다. 잔잔한 연출과 OST도 무척 좋았구요. 가족의 의미를 다시 새기는 좋은 영화였습니다."
"109","미나리","10","가장의 무게를 그 시대를 빌어 잘 표현한 영화입니다!!"
"110","완벽한 타인","10","배우들의 연기력이 대박이다...."
"111","카오스 워킹","8","소재가 특이했고 영상미도 압도적이었음. 재미있게 보고옴."
"112","미나리","6","미국 이민자들의 고난과 시련을 알수 있었음"
"113","벤자민 버튼의 시간은 거꾸로 간다","10","띵작이다 띵작.. 왜 이걸 이제야 봤지"
"114","극장판 귀멸의 칼날: 무한열차편","10","영상미가 좋아요 역시 귀칼"
"115","미나리","10","잔잔하게 감동적 입니다."
"116","먼 훗날 우리","10","주동우가 차안에서 애처럼 우는게 정말 와닿고 나조차 눈물이 났다."
"117","에브리타임 룩 앳 유","10","재미있게 잘봤어요^^"
"118","극장판 귀멸의 칼날: 무한열차편","10","재밌어요~ 애니 내용 몰라도 대충 이해됩니다"
"119","피막","9","아무 생각없이 보다 얻어 걸린 대박영화네요...웃음과감동 그리고 적절한 공포....개봉한지 8년이 지난 지금 감상했습니다한국 뮤직 비디오에도 출연한 이력이 있는여주인 다비카후네~  지금도 유명하고 이쁘지만8년전 미모가 더 이쁜거 같네요!!"
"120","열혈형사","10","인권씨를 좋아하는 팬으로써 안타깝네요.개성과 연기력에 걸맞는 좋은영화 만나시길..."
"121","미나리","10","이런 영화가 많이 나왔으면.... 신파가 없으니 여운이 더 오래 가네요"
"122","기방도령","6","텔미 뭐야 진짜ㅋㅋㅋㅋ준호때문에 봤다"
"123","황해","10","작품성으론 사실상 또 하나의 만점 영화, 무슨 설명이 더 필요한가? 한 마디로 명불허전 나홍진의 또 하나의 곡성과 추격자, 그나저나 아내가 임신했는대도 불구하고 마음 속으로 피눈물을 흘리며 강간씬을 찍은 철민이 형님 제발 이젠 좀 뜨고 편하게 살았으면 좋겠습니다..."
"124","극장판 귀멸의 칼날: 무한열차편","8","아 나 너무 기대하고 가서 좀 아쉬웠음 울 준비 다했는데 한방울 흘리고 나옴"
"125","미나리","8","그럼에도 가족, 그렇기에 가족."
"126","미나리","9","괴로워도 슬퍼도 꿋꿋이 강하게 살아갈, 이 세상 모든 미나리들을 응원하며."
"127","극장판 귀멸의 칼날: 무한열차편","10","최고의 애니다 흑....감동적이고 슬포"
"128","극장판 귀멸의 칼날: 무한열차편","10","좋다.. 좋아.. 4dx로 보세요.."
"129","미나리","8","희망이 사라져도 희망은 있다"
"130","피아니스트","10","최고의 실화영화입니다 꼭 보세요  이런 영화 다시는 없을듯"
"131","머니백","10","생각도 못한 재미 !!ㅋㅋ 시간가는 줄 모르고 웃다 울다 재밌습니다!!"
"132","죽여주는 여자","10","암울했지만 정말 잘봤습니다 윤여정님 최고"
"133","미나리","9","성장영화입니다. 깊은곳에서 오는 감정이 있었어요.미나리 많이 넣은신선한 회무침이 생각나요저 뭔소리하는거죠ㅋㅋㄱ영상미, 음악 다 좋아요"
"134","미나리","8","영화가 아니라 누군가의 삶을 살짝 엿본 것 같다. 특히나 영화 마지막 부분의 사진들... 우리 고모네에 걸려있는 빛바랜 사진액자와 똑 닮아서 놀랐다. 향이 진한 미나리를 좋아하지 않지만, 언젠가 타국에서 살게 된다면 미나리를 그리워하게 되려나 라는 생각을 한번 하게 해준 영화."
"135","미나리","10","최고의 수혜자는 브레드 핏 ! 감독은 소설같은 전개를 영상으로 잘 펼쳤고 문학적 베이스가 매우 탄탄하다고 누껴졌움"
"136","핫 썸머 나이츠","6","그냥 뻔한 결말에 뻔한 내용, 하지만 미래에서 과거를 해설하는 것과 중간중간 흘러나오는 음악들, 옜날 미국의 분위기가 너무 좋았던 영화였다"
"137","82년생 김지영","6","책읽었지만 초반부에는 흥미진진해서 읽었지만 끝까지 반전은없었고  그냥 너무나 평범한 현대여성의 결혼후의 모습 다 그리살지않나 그렇지만 왜 헛소리를한거지?치매는 아닌거잖아요 ㅋ작가의 고발프로 피디출신다웠음!!"
"138","톰과 제리","6","스토리 많이 부족하고 부실하지만톰과 제리 를 영화관에서 본것만으로도 만족합니다."
"139","카오스 워킹","10","소재도 신선하고 간만에 극장에서 재밌게 봄"
"140","소울","10","간만에 힐링하고 너무 좋았어요!"
"141","극장판 귀멸의 칼날: 무한열차편","1","귀멸의 칼날 시간 날렸네 최악이다"
"142","극장판 귀멸의 칼날: 무한열차편","10","생존 200명 사망 1명...."
"143","미나리","10","영화 후반부 데이빗이 뛰어가던 장면, ‘할머니 가지마! 우리랑 같이 살자!’ 영원히 잊혀지지 않을 것 같다."
"144","미나리","1","다들 좋은 평을 내고 있는 마당에...감독과 제작진 거의 모두 한국인이 아닌데 너무 많은 매스컴에서 마치 자랑스런 한국인이 만든 한국영화인냥 은근슬쩍 작품국적을 둔갑시키고 있다는 생각을 했다. 전형적인 동양여성의 외형을 가진 한예리와 윤여정의 캐스팅은 완벽했다. 그러나 스티븐연의 어눌한 한국말에 보는내내 어색했다. 그리고 느닷없는 윤여정의 중풍은 고다르의 쩜프컷이 생각났다. 제발 JTBC는 이 작품을 봉준호의 기생충 영광인냥 재현하지 말아주었으면... 기생충과 미나리는 다르다."
"145","라스트 레터","10","옛날 그 감동 그대로*^^*"
"146","마이너리티 리포트","10","역시 스필버그임 영화관에서 못본게 아쉬운 영화"
"147","스타워즈: 라스트 제다이","1","평론가분들께 바칩니다"
"148","미나리","10","잔잔한 여운이 오래 가는 영화그리고 윤여정"
"149","미나리","6","가족이 웬수다 이거하나 느낌 왜 이렇게 호평받고 상을 많이탔는지 난 도통 모르겠다"
"150","미나리","8","가족애를 느끼게하는 훈훈한 영화잘봤습니다"
"151","극장판 귀멸의 칼날: 무한열차편","10","애니로 표현된 장면들과 액션씬은 입이 다물어지지 않을정도였다 애니는 그저 잔잔하고플때 편하게 보는 장르였는데 온 신경을 집중시키는 작품이였다 그야말로 요즘말로 가슴이 웅장해졌다 최고의 작품이였다"
"152","소울","6","앞부분에 토끼굴은 왜 보여줬는지 모르겠음 성인이 보고 즐길만한 내용은 아닌듯"
"153","미나리","9","한예리가 미국인들이 좋아하는 동양인 스타일"
"154","고질라: 킹 오브 몬스터","10","밀리 바비 브라운이 원숭이띠라는 놀라운 사시ㄹ..."
"155","허트 로커","10","내가 가장 재밌게 본 미국 군대영화 ""아메리칸 스나이퍼"", ""허트 로커"" "" 핵소고지"" 이 셋은 진짜 제대로다.."
"156","미나리","9","그늘이 지고, 물이 고여 늘 축축한 환경에도 불구하고 삶을 유지하고 버텨내는 미나리가 가진 생명력. 그게 바로 '가족'이라는 은유겠지요."
"157","미나리","6","지루함의 미학, 어떤 주제의식을 전달하는지 이해 못했다."
"158","미나리","8","나쁘지 않았다.방금 보고옴."
"159","미나리","8","보고나니 아름다기도 하고 먹먹하네요."
"160","미나리","10","바쁘지도 흥분하지도 않으나 게으르지 않게 봐야하는 영화입니다."
"161","극장판 귀멸의 칼날: 무한열차편","10","가슴이 웅장해진다.."
"162","소울","9","소울 덕에 집에가는 길 마저도 나의 불꽃을 찾았어요~^^"
"163","미나리","10","어떤 역사영화보다 감동적"
"164","극장판 귀멸의 칼날: 무한열차편","10","키부츠지 무잔은 등장 안하나요? 왜"
"165","극장판 귀멸의 칼날: 무한열차편","10","키부츠지 무잔은 등장 안하나요? 왜"
"166","미나리","10","마음 따뜻한 영화입니다자극적인 영화만보다가~~~편하하게 관람 강추~~~"
"167","미나리","10","마음 따뜻한 영화입니다자극적인 영화만보다가~~~편하하게 관람 강추~~~"
"168","협상","10","딴건 다 필요없고 현빈 손예진 연기에 감동받았습니다."
"169","협상","10","딴건 다 필요없고 현빈 손예진 연기에 감동받았습니다."
"170","극장판 귀멸의 칼날: 무한열차편","10","렌고쿠...허헝..ㅠㅠ.."
"171","미스터 존스","6","이런류의 이야기는 이젠 한계가.."
"172","극장판 귀멸의 칼날: 무한열차편","10","마지막 결투신만 볼테니까 3천원에 티켓 해줘요"
"173","용의자 X의 헌신","10","이시가미에게만 10점을"
"174","당갈","10","아미르캰의 영화는언제나 최고다"
"175","시간의 끝에서 널 기다려","9","저런 맹목적 사랑이 정말 있을까?어린시절엔 엄마가 전부인데 엄마를 잃은 아이에게 철없는 친구들의 괴롭힘. 그때 손잡아준 여자애는 구원자였고 희망이었고 행복이었겠죠. 각인된 오리처럼 무조건 따라간 감정이었으니까 그 사람을 잃고선 살 수 없었던게 아닐까.. 자신의 삶을 다 내어주고서라도  시간을 돌리고 싶었던.. 그 남자의 사랑에 가슴이 먹먹해져 옵니다"
"176","미나리","9","우리나라도 이런 영화가 나올련지"
"177","007 골든 아이","8","페테르스부르크를 뒤집어엎는 제임스본드.구소련 때는 상상도 못할..티나 터너가 주제가 불러. 골든 아아이~"
"178","협상","9","영화잘봐습니다손예진누나좋아합니닫"
"179","협상","9","영화잘봐습니다손예진누나좋아합니닫"
"180","세자매","10","인내 인내 참아라 참아라 쩐다 쩔어~ 쩔어 와 짜증 극기훈련 ~ 환장해"
"181","미나리","8","음악이 잔잔하고 데이빗 넘 귀엽습니다"
"182","꾼","10","넷플릭스에 있길래 우연히 봤는데 생각보다 넘 재밌네요. 마지막 엔딩 장면보니 시즌2도 나올것 같은데.. 제작 예정이시라면 빨리 크랭크인 해주셨으면 좋겠네요.. 넘 재밌게 봤습니다!"
"183","꾼","10","넷플릭스에 있길래 우연히 봤는데 생각보다 넘 재밌네요. 마지막 엔딩 장면보니 시즌2도 나올것 같은데.. 제작 예정이시라면 빨리 크랭크인 해주셨으면 좋겠네요.. 넘 재밌게 봤습니다!"
"184","변신","10","엔딩 음악만이 구슬프고 서글프다."
"185","기생충","1","너무 별론데...  봉준호..  설국이나 기생충같은 억지로 교훈 줄려는 영화 그만 만들고.. 살인의 추억 같은 영화를 만들어라.."
"186","미나리","8","영화 좋았습니다 함께 힘내서 살아가는모습이 위로가 됐네요"
"187","미나리","8","어려운 시대를 담담히 풀어나갔거 같습니다."
"188","미나리","8","어려운 시대를 담담히 풀어나갔거 같습니다."
"189","미나리","9","영화 도입부부터 나오는 OST 영화에 빠져든다. 척박한 땅을 개척해 나가는 모습~ 우리민족이라는게 자랑스럽다."
"190","동네사람들","6","원빈아저씨가 지켜주어 잘자란 김새론이 마동석아저씨 만나는 영화"
"191","이터널 선샤인","9","22살때 봤을땐 뭔 내용인지도 모르고 이게 왜 명작인가 싶었는데 딱10년후 32살때 다시보니 전부 이해간다 왜 명작인지 알겠다"
"192","이터널 선샤인","9","22살때 봤을땐 뭔 내용인지도 모르고 이게 왜 명작인가 싶었는데 딱10년후 32살때 다시보니 전부 이해간다 왜 명작인지 알겠다"
"193","장난스런 키스","6","관객들에게 장난스럽게 로맨스."
"194","당신을 오랫동안 사랑했어요","10","아 너무 좋다... 프랑스 영화는 영상미만 예쁘다고 생각했었는데.. 잔잔한 흐름도 마음에 들었고 나오는 비지엠들마다 다 좋았음.. 영화 크레딧이 올라가고 비지엠 듣고 싶어서 끝까지 본 영화"
"195","미쓰백","9","세상안 아무리 지옥같은 인생이라도 사랑의  구원자는 있었다. 사랑이란...장면, 장면중 보는내내 가슴이 아파 결국 눈물을 남겼다.연출, 연기, ost 다 좋음!"
"196","미나리","6","오늘 미나리 영화 개봉해서 넘좋네 조만간에 영화 보러 올것 요즘 코로나 땜에 영화 보러 가지 못했음 코로나가 얼른 끝나기 바람 ㅋㅋ"
"197","미나리","6","오늘 미나리 영화 개봉해서 넘좋네 조만간에 영화 보러 올것 요즘 코로나 땜에 영화 보러 가지 못했음 코로나가 얼른 끝나기 바람 ㅋㅋ"
"198","극장판 귀멸의 칼날: 무한열차편","10","휴... 빨리 다음편 마렵다구요!! 넷플릭스에서 무한열차 전까지 다 나와서 이틀밤 세서 보고 얼릉 영화보구 뒤에 이야기는 만화로 다 봤습니당  스토리는 물론 너무 좋지만 영상미가 완전 눈이 즐거우요. 너무 재밌었어요"
"199","그린 북","10","그린북 열번 정도 봤습니다. 다들 꼭 보시길 바랍니다"
"200","블랙 호크 다운","10","내 인생 최고의 전쟁영화다.꼭 보시길~~~"
"201","북스마트","4","굳이 끼워넣은 동성애코드는  꼭 이영화 내용전개에 필요했나  싶음그것도   쥐같이 생긴  남자초딩 같은  여자애를  쿨하다면서  반하는게  너무 어이없었음200석  영화관에서   나포함  두명이서 봤는데  십오분쯤 지나니까 다른분이 나가서  나혼자보는데  어두운데 나혼자있으니 좀 무서웠음"
"202","극장판 귀멸의 칼날: 무한열차편","10","아말해뭐해가나다라마바"
"203","해피 투게더","10","너무나 복합적인 영화인거같다."
"204","미나리","10","윤여정 배우님 연기 정말 최고입니다."
"205","블레이드 러너 2049","10","이제야 구매해서 봤는데 영화관에서 못본게 너무너무 안타깝네요... 영화관 스크린에 사운드로 봤으면 지렸을듯..ㅠ"
"206","미나리","9","내밀하고 진솔한 경험이 우리 삶의 놀라운 찬가가 되다."
"207","구라, 베토벤","10","제 인생 두번째 독립영화에요. 강추에요. 지루하지 않게 잘 봤어요"
"208","미나리","10","미국은 애초에 태생적으로 “이민자”의 나라다.. 아메리칸 드림을 이뤄내고자 하는 다양한 인종의 사람들이, 저마다의 사연을 가지고, 그들의 장점들을 최대한 되살려 직업에 종사했고, 결과적으로 세계 최강국의 원동력의 중요한 한 부분이 되었다. 그 중 분명 이민자의 서러움을 이겨낸 가족의 힘도 포함돼 있다..."
"209","몬스터 헌터","10","이거...게임 원작이예요...  스토리가 이상하네?! 싶었는데 게임 원작이고 몬스터도 게임에 나오는것들.... 영화끝나고 찾아보니 이해가 가더라구요. 아무런 배경지식없이 보신분들 읭(?) 할 수 있지만, 눈요깃거리로는 나쁘지않아요. 평점테러가 많아서 10점 줍니다. 유플티비로 결제하고 봤어요~"
"210","극장판 귀멸의 칼날: 무한열차편","8","원작을 뛰어넘는 작화, 실사 영화와 같은 영상미가 끝내줬습니다. 칼이라는 다른 문화에서는 이질적인 요소를 따뜻한 영상과 스토리로 풀어낸 수작이라고 생각합니다."
"211","극장판 귀멸의 칼날: 무한열차편","10","아무것도 모르는 상태에서 봤는데도 몰입감 있고 재밌었습니다!"
"212","디스터비아","1","처음에 주인공 극혐이네 망원경으로 여자 관찰 하는거 토쏠리네 그 얼굴로"
"213","라따뚜이","7","아메리칸쉐프 보세요~"
"214","철없는 아내와 파란만장한 남편, 그리고 태권소녀","8","사실 이런영화... 많아져야합니다! 감독의 정신세계가 궁금해지는 영화"
"215","승리호","1","cg만 신경썼나봄 외국에선 어떻게 볼지 창피하다"
"216","승리호","9","한국배우만 나왔으면 어색했겠지만 이런 배경에 외국인들도 많이 나오고 그 속에 한국인이 잘 스며들어 자연스러워 보였음. CG는 국내 영화중 역대급이었고. 스토리는 평타. 송중기 연기실력이 더 는거같음. 연기력도 다들 굳. 스토리는 평범하긴 했지만 송중기가 회상씬 연기가 좋아서 나름 감동적이었음."
"217","코드명 J","5","2021년에 일본이 세계패권을 잡는걸 당연하게 생각했던 시대..1995년!"
"218","나는 내일, 어제의 너와 만난다","10","누군가에겐 처음이 가슴 아프고 끝은 설렌다"
"219","몬스터 헌터","3","아니 ㅜㅜ CG, 연출 좋은데 원작을 살렸어야지 시공간을 왜 이동한거냐? 아 왜!"
"220","승리호","9","감동 순간도 아니고 반전부분(우주로 도망치는신)에서 순간 눈물이 났다 왜눈물 났는지도 모르겠다 그이후 계속 눈물이 난다 감동에 희열에 그리고우리나라 영화발전에 강력추천하고 싶다개인적으로 한국영화를 매우싫어한다 재미없어서물론 좋아하는 영화도 몇개 있다 신세계, 7번방의선물,등등 한손으로 꼽을 정도다 그런데 이영화 정말개쩐다 안봤다면 후회했을정도다개인적으로 아쉬운건 태호의활약 너무 없다는거 평이 높다는거 알지만 나도 애아빠라서 그런것 같다"
"221","궁합","1","희대의 거품 연예인 이승기. 연기도 못해 노래도 어정쩡."
"222","극장판 귀멸의 칼날: 무한열차편","10","최근에 본 애니중 최곱니다하나도 부족함없이 절 채워줬네요시즌2 유곽편 TV방송 눈빠지게 기다리는중입니다무한열차 보시기전 시즌1 애니 꼭 보시고 관람하시면 제가 느낀 느낌 그대로 받으실거라고 생각합니다"
"223","극장판 귀멸의 칼날: 무한열차편","5","헉 오덕들 아직도 많네 ㅋㅋㅋㅋ 반일불매운동도 이제 거의 끝나가는듯 하구만"
"224","더블패티","2","이걸봐? 대단하네 보는사람들 무슨 생각으로 보는걸까나?"
"225","스파이","9","문소리 아줌마 연기 현실성 오짐ㅋㅋ"
"226","미션 파서블","6","모르겠어요 도대체 무슨"
"227","터미네이터: 미래전쟁의 시작","4","몇 번을 봐도 각본이 쓰레기라는 점만 확인한다. 애초에 마커스라는 캐릭터는 없어야 했고, 존 코너와 카일 리스 위주로 암울한 미래를 충실히 그려냈어도 충분했을 텐데. 시작 40분만에 등장하는 거대 로봇과 오토바이 로봇 장면이 전부. 다시는 안보기 위한 평점을 남긴다"
"228","6월의 일기","5","좀 더 짜임새있었으면 괜찮은 스릴러가 되었을텐대. 아쉽"
"229","극장판 귀멸의 칼날: 무한열차편","10","렌고쿠 돌려주세요...."
"230","입을 연 석류","10","배경이 추억을 돋게 하는 한국명작.  차분하게  당시의  버스.택시.서민들의 집. 다방. 술집. 나이트크럽 등등  당시의 여러 부분을 보면서  의외로 재미가 있는 작품."
"231","콘스탄트 가드너","8","코로나도 혹시 제약사들의 빅플랜?"
"232","고백","10","저예산 독립영화를 cgv에서 볼수있어서 좋았고 낯선얼굴의 연기자들의 연기가 신선했고 연출 영상미 좋았고 박하선씨 자전거타는모습이 예뻤습니다"
"233","몬스터 헌터","1","보면서 영화 불가사리+에이리언2020+레인오브파이어 생각났음ㅋ 생김새만 다르고 특징 그대로 따온 몬스터들ㅋㅋ 개인적으로 여기서 밀라요보비치 연기도 별로... 그냥 영화 전체적으로 별로임ㅋ 메가로돈 본 뒤로 중국자본영화 믿고 거른다 였는데 지인때문에 뭔지도 모르고 봤다가....ㅋ 심지어 쿠키영상도 있음ㅋ 2탄 예고인듯?ㄷㄷㄷ"
"234","미션 파서블","10","진짜 세상 개재밌음 이  영화를 보면 다들 김영광한테 빠짐 진짜 김영광은 꾸미는거보다 후질근 한게 더 잘생긴거같다 진짜 사랑스러움 ㅠㅠ"
"235","리틀드래곤 코코넛2: 정글대탐험","2","아이와영화는거의다봤지만이렇게재미없고지루한영화는처음이였어요..영화좋아하는우리아이도 계속재미없다고지루하다해서 중간까지보다가나갔네요다른 애니메이션은 아이들뿐아니라제가봐도집중되고 재밌던데이건 영.. 실망스럽네요"
"236","이웃집 스타","10","진짜 재밌다 진짜 내인생 영화이다"
"237","소울","10","디즈니의 화려한 애니메이션과 별개로, 내용만 봤을 때, 너무 이상적이어서 괴리감이 들었다. 그래서 평점대비 그저 그런 영화라고 생각하고 나왔다. 근데 영화를 보고 나서 바람을 맞을 때, 햇살을 맞을 때, 바람이랑 햇살이 시원하고 따뜻하게 ""느껴진다"". 잠시 멈춰서 햇살과 바람을 느끼게 된다. 세상을 이렇게 순수하게 살 수 있다면 얼마나 좋을까."
"238","카오스 워킹","6","티비광고보고 7년만에 보러간 영화라 너무 기대가 컸나봅니다. 광고에서는 엄청 긴장되고 스펙타클 해보였으나 영화보는 내내 언제쯤 그런장면이 나오는지 기다리다  영화가 끝나네요요즘 영화들이 이제 안방용 영화들인가 봅니다.티비에 올라오면 봐도 될뻔한 영화였어요 메인주제 자체는 참신했으나 스토리 연개성이 떨어지는 편이었어요기억에 남는게 별로없는 영화였습니다."
"239","극장판 귀멸의 칼날: 무한열차편","10","마지막 10분 좀 넘는 전투씬은 역대 본 애니 중 최고였습니다."
"240","나이브스 아웃","10","돈보다 사람을 중시할 때 돈은 그냥 따라온다."
"241","날씨의 아이","10","모든게 완벽했던 영화다 .. 신카이마코토는 단언컨대 천재이다/.. 모든 장면과 인물 하나하나가 사회에서 볼수있는 공감적인요소들이 많아서 더 몰입할수있었다 ..특히 날씨의아이 ost는 정말 좋다.. 그랜드이스케이프틀때 온몸에 전율이 흐르면서 숨죽이면서 보았다  내마음속 영화 1위이다"
"242","반드시 잡는다","4","스토리가 너무 진부하다.."
"243","짝패","10","액션신이 최고입니다 ㅎ헤"
"244","새해전야","1","2021년도에 이런 영화가 나올 수 있다니 그저 신기할 뿐... 아니 왜 평점 빵점이 없는 거야. 1점 주는 것도 아까워보긴 정말 처음이다. 에휴.. 정신차려라 진짜 이런 걸 영화라고 만들고 싶냐? 오글거리는 게 문제가 아니라 그냥 이런 건 스크린에 걸면 안되는 거야. 연기도 평가가 안 되는 영화야. 영화가 너무 구리고 구닥다리라 그냥 다 못 해보여서. 타겟으로 삼은 연령층이 영유아기 연령이라면 이해가 가능하긴 해."
"245","소울","10","일단 보세요"
"246","소울","10","나중에 나에게 아이가 생긴다면, 꼭 같이 보고 싶은 영화"
"247","승리호","10","넷플릭스에서 봤는데 영화관에서 안본게 후회될 정도로 너무 재밌게봤어요 아역들의 연기와 승리호의 주연들 케미가 장난 아니네요 연출력, 스토리 또한 탄탄해서 시간가는줄 몰랐어요 진짜ㅠㅠ꽃님이 순이 꽃길만 걸었으면♡"
"248","극장판 귀멸의 칼날: 무한열차편","10","미쳤어요 귀칼애니부터 진짜영상미오짐 제발빨리2기방영부탁드립니다 현기증나요"
"249","미션 파서블","10","배우분들 연기를 잘해서 양화도 재밌습니다"
"250","뱅가드","1","뱅가드 때문에 컴터 존나 끊김 안티핵 프로그램이랍시고 컴퓨터 말아잡수실 일 있나"
"251","기생충","8","슬픈현실이었다. 우리는 모두 기생충이었고 현실표현이 잘되었다."
"252","미스터 고","8","이 영화는 평점이 지나치게 낮은듯. 쿵푸허슬 같은 코믹 판타지인데, SF 블록버스터 잣대를 들이댄건 아닌지. 물론 김용화 특유의 코믹신파가 스토리를 더 망치긴 했지만. 제발 신파 좀 버리길. 징징은 그만."
"253","죽지않는 인간들의 밤","10","와 진짜 기대안하고 킬링타임용으로 틀어서 봤는데 너무 재밌네요ㅋㅋㅋ"
"254","라스트 레터","7","슬펏다. 지워지지 않는 사랑의 기억의 덧없음이여..."
"255","특수부대 전랑2","1","내용 개ㅎㅌㅊ 눈버림 그냥 안보는거 추천"
"256","라스트 레터","2","감성은 90년대 그대로. 하고있는 이야기도 그때 그대로. 디렉팅도 했던만큼만 했어도 봐줄만은 할텐데. 표현력은 수준이 퇴보한듯"
"257","완벽한 타인","10","많은것을 깨닫게 해주는 영화입니다 사회적 비판 요소도 적절히 들어가있고 몰입도가 높아 재밌게 보았습니다."
"258","극한직업","10","보는 내내 다른 생각 안하게 해주는 기분좋은 영화였어요 감동과 의미를 전달하는 영화도 좋지만 이렇게 코믹하게 웃게해주는 영화도 너무 좋네요"
"259","특수부대 전랑2","1","수준낮은 짱kkae 국뽕영화"
"260","귀여운 남자","1","발연기에 발음도 제대로 안되는 사람들을 데려다 그것도  배우라고..사실 감상포인트 없음..."
"261","82년생 김지영","9","하도 욕 하길래 안 보다가 이제야 봤는데좋은 영화네요 재밌게 잘 받습니다"
"262","극장판 귀멸의 칼날: 무한열차편","10","아...진짜 띵작 ㅠㅠㅠ 렌고쿠 사랑해.."
"263","플라이트","10","덴젤워싱턴의 알코올중독 연기가 끝내준다. 개인적으로 로버트 저메키스 감독의 다른 영화들보다 훨씬 더 좋았다."
"264","먼 훗날 우리","10","배경 ,영상미, 음악 , 배우들 연기 다 미쳤다 오랫만에 첫사랑 감정 느끼게 해 준 너무 아름다운 영화 , 인생영화 한편 저장"
"265","해피 디 데이","10","강아지는 사람보다 사람마음을 더 잘 아는...절대로 배신하지 않는 친구 입니다. 너무 재밌고 사랑스런 영화에요"
"266","라스트 레터","7","여주는 이뻤다"
"267","국제수사","1","감상포인트 없음은 왜 없는거죠? 너무 유치하고 재미없었습니다."
"268","투모로우","10","진짜 이영화가 현실이 될까봐 무섭다ㅠ"
"269","매그놀리아","10","행복을 제외한 모든 감정들을 소름끼치게 느낄수 있었다."
"270","돌아온다","8","씬스틸러 최병장 ㅋㅋ 정극 연기도 진짜 잘하네요"
"271","카고","10","막판에 폭풍 즙 짜냈다...죽어서까지도 딸 사랑ㅠㅠ아빠엄마 몫까지 잘 살아야 돼, 로지ㅠㅠ"
"272","혈의 누","10","한국 영화중 최고다"
"273","카오스 워킹","5","이병헌이 백X산에 출연하는거나...매즈 미켈슨이 이 영화에 출연하는거나...도찐개찐(웃음)"
"274","유전","10","우리 이영화 안본걸로합니다."
"275","승리호","10","재밌따 꽃님이 너무 기엽다"
"276","#살아있다","6","음... 걍 개연성읎구, 죙일 집에만 있다가, 잠깐 다른 집갔다가 옥상올라가고 끝나서,,,싱겁고,,, 시간도 짧긴 한디, 걍 시간때올때 볼만해유~~ 진짜 좀비 연기자들이랑, 유아인이 연기덕에 봤다"
"277","방라잔 2 : 결전의 날","9","방라잔2결전의날 짱"
"278","용순","1","시나리오 개판에 배우들 연기 개판에 심지어 매력도없어서 몰입력을 저하시킴 ; 이딴영화 상준 영화제는 뭔생각인지"
"279","베리드","7","산소야 고마워 산소야 고마워"
"280","변신","9","뭔가 부족한게 한두개 있는 느낌이지만 괜춘괜춘"
"281","몬스터 헌터","2","게임의 실사화는 사실 사일런트힐 이외에는 별 기대하지않는다는 점을 감안하고 감상해도 이건 좀 이상타 리오레우스 다아블로스 네르스큐라 고어마가라는 놀라울정도로 CG나 모션디테일, 포효까지 게임과 비슷하게 구현해서 몰입감이 생길뻔하다가도 생태계 구현포기, 스토리 전개 포기, 세계관 구현 포기 등등 정작 중요한 부분이 너덜너덜하다.또 OST는 누가 만든건지 정말....이런거 왠만하면 안남기는데 이거는 참....각 몬스터 CG 구경 빼곤 아무리 쥐어짜도 칭찬거리가 없는 영화."
"282","완벽한 타인","10","실은 얘네 별로 안친한듯 합니다"
"283","세자매","9","많은 생각을 하게 해주는 영화입니다몹시 불편하면서도 동시에 북받쳐 눈물이 나네요"
"284","극장판 귀멸의 칼날: 무한열차편","10","가정교육의 중요성 매우 중요합니다"
"285","미져리","10","30년된 영환데 지금 봐도 너무 재밌음 ㅋㅋㅋㅋ 애니 넘 무섭"
"286","라플라스의 마녀","2","일본은 배우 대부분 연기가 부자연스러움. 그래서 안 봤음."
"287","에반게리온: Q","8","방심하다 깼다"
"288","해바라기","10","소피아 로렌 영화 찾아보다 . 뜨악 이영화 보다 사랑이 너무 슬퍼서 울었네요 꼭보세요"
"289","세자매","10","어휴.. 진짜 대한민국 대변영화인줄 ㅠㅠ 모든 장면이 다 현실이고 울컥한다옛날에 자식들에게 하는 표현 방식들은 왤케 폭력적이였으까요 ㅠ지금 부모님들이 보면 마음에 위로를 받으시지 않으까 하는 영화 인거 같아요 주연조연할꺼없이 연기라고 안 믿길 만큼 표정부터 대사하나까지 너무 좋았던 영화!!2020년 올해를 이 영화로 시작하는 느낌입니다"
"290","2012","8","cg만으로도 큰점수를 먹고 들어가는영화 엔진 스따뜨는 보너스"
"291","원더 우먼 1984","10","엄마랑 같이 봤씁니다 평점이 너무 안좋아서 볼려다가 안보려했는데 그냥 봤는데 너무 재밌게봤어요 저희는;;진심으로;;; 감동적이고 메세지도 좋고 갈 가돗 너무 이쁘고 액션도 좋고 연기도 좋고 전 다 좋았어요;;"
"292","간츠","6","이건...원작을 본 내 잘못을 탓할께...원작을 안봐야 좋은 영화"
"293","브로큰 플라워","6","기묘하게 잘 어울리는 빌 머레이와 OST."
"294","죽지않는 인간들의 밤","7","비급호러나 병맛을 좋아하는 취향이라 나름 재미나게 봤음 ㅎㅎㅎ호불호가 있겠지만,  한국에 드문 장르라 개취로는 굿"
"295","클래식","10","인생 영화중  한편이지요.  정말  살인적인  연기력과  빨려드는  스토리와 슬픔."
"296","워터월드","10","개봉당시엔 말도안되서 저평가 받고 지금은 현실이 될거같으니 고평가받는듯"
"297","파이브 피트","10","그냥 이런 영화 보면 눈물이 좔좔 흐른다다른 로맨스들과 클리셰는 비슷할 지언정 이런 잔잔한 감성은 확실히 다른 듯"
"298","PMC: 더 벙커","10","넷플로 봤는데 3년간 본 영화 중 최고입니다.총과 전쟁이 주 스토리라 여자분들은 재미가 반감될수 있으나 남자분들은 강추 드립니다.북한이나 미국이나 뭐 정치적인 거는 다 떠나서....영상이 너무 좋습니다."
"299","그린 마일","10","어미어마한 명작이다! 감동에 또 감동..이런 인생 명작 이제서야..2021년에야 봤다.."
"300","극장판 귀멸의 칼날: 무한열차편","1","너무 역겹습니다 이런 일뽕에 차서 욱일기 사용하는 작가의 작품을 무비판적으로 수용하는 사람들이 너무 많다니 사람들이 점점 멍청해져 가는 것이 맞는 것 같습니다. 이거 보는 사람들 제발 정신 차리시고 책을 읽으시던지 산책을 하세요 제발 공부도 좀 하시고 운동도 하시는데 제발 일뽕 애니에 빠져서 정신 못 차리지만 마세요 연출 연기 스토리 영상미 OST 다 쓰레기 같습니다"
"301","니나 내나","10","분위기와 흐름이 자연스럽고 끝내 아름답고 사랑스러운 영화"
"302","해피뻐스데이","10","한씬 한씬 궁금해서 계속 보게되는 영화.."
"303","레드 닷","2","아 진짜 개는 건드리지 마라ㅡㅡ"
"304","온리 더 브레이브","7","일반인들이 알 수 없었던 소방관의 새로운 면모를 보여준 영화스토리가 전형적이긴 하나 볼 만은 하다"
"305","굿 윌 헌팅","10","It’s not your fault."
"306","군도:민란의 시대","10","잼있네. 시간 가는 줄 모르고 봤어."
"307","셰이프 오브 워터: 사랑의 모양","6","불필요한 장면과 어설픈 개연성과대평가 받은 작품"
"308","프리즈너","1","25분 버텼다 ㅜ.ㅜ 너무 하노 진짜 ㅋㅋㅋ"
"309","완벽한 타인","10","이 영화는 그냥 최고다... 몇번을 봐도 안 질리네"
"310","머니백","9","가볍게 보려했는데 연출과 코믹 케미 작렬"
"311","아수라","10","아니 이렇게 명작이 평점이 왜이리 낮음? 개 잼있는데.. 처음에 본것보다 두번째보니 명작이였네.."
"312","서치","7","인종주의적 설정의 한계."
"313","지구를 지켜라!","10","와 이런 영화가 있었어?.. 최근 신하균 배우님 연기에 빠져서 작품 찾다가 보게된영화 이건 장르가 뭐죠?.. SF 라고만 단정 짓기엔 미스터리 스릴러에 고어한 느낌도 있고 사회적 현실도 적절히 잘 반영된 블랙 코미디?.. 러닝 타임동안 이 영화의 온도차가 들쑥날쑥 하지만 전혀 이상하지 않은건 이캐릭터의 이배우들이 였기에 가능했던게 아닐까 정말 지구는 누가 지키죠? 여운이 오래 남아 몇번 더 찾아 보게 될듯 리메이크 희망해봅니다"
"314","마담 싸이코","8","스릴있는 영화지만 뻔한 스토리와 결말이 예상되는 내용 나쁜년 연기는 훌륭했다.발연기는 일품ㅋㅋ"
"315","미션 파서블","10","김영광 잘생겼다"
"316","향수 - 어느 살인자의 이야기","10","천재는 미친놈인 것 같아요"
"317","굿바이 그레이스","5","가족을 잃은 슬픔의 순간을 잘 전달하고 있는데, 전반적으로 무난하고 특색이 없다는 것이 단점이다."
"318","극장판 귀멸의 칼날: 무한열차편","10","재밌습니다 작화가 좋아요"
"319","남자가 사랑할 때","10","남자가 눈물 흐르게 만들었네요"
"320","러빙 빈센트","10","영화에서 연출된 모든 것이 서로 시너지를 내면서 작품을 완벽하게 만들었다 한가지 아쉬운건 내가 이 영화를 영화관에서 못 본거.."
"321","배드 사마리안","2","기대안하고 봤는데 너무 별로에요. 90년대에 복붙처럼 막 찍어댄 흔한 스릴러느낌. 괜찮은 소재였는데..감독이 못살렸어요. 소재가 너무 아깝습니다."
"322","뺑반","1","뜬금 신파야 참겠는데... 1도 없는 개연성... 허술한 액션... 의미없이 감수하는 위험.... 못 봐줄정도다.... 차뒤에 서서 쏴도 되는걸 굳이 길막고 쏘다 피하고... 온갖 복선이 다 너무 튀어서 앞날이 너무 뻔한데 차 액션도 구려... 긴박감도 없고... 염정화 역할도 오바스럽고... 아니 이 배우들 가져다 이렇게 낭비하는게 ㅋㅋㅋㅋ 진짜 그것도 기술이다... 연출력이 진짜 대박임... 어쩜 이리 재미없게 만드는지... 너무 뻔하게 흘러가는데 인물들의 행동이 다 그냥 맹목적이다. 맹목적으로 착하고 나쁘고 선하고 정의감넘치고... 그와중에 반전들마저 어설프고... 액션은 속도감대신 축축쳐진다. 배기음이 강렬하다고 속도감이 붙는게 아님... 중학생 수준의 스토리에... 제일 문제는 감독의 연출... 찍어놓고 아까워서 늘어난 영화시간까지... 뭐 괜찮은게 하나도 없다..."
"323","나이브스 아웃","10","위트가 살아있는 추리영화이며 한사람의 선한마음만으로 감동을 주는 영화"
"324","벤자민 버튼의 시간은 거꾸로 간다","10","2008년 개봉 당시 보고싶었던  그리고 청춘일때 봤다면 어떤 감정이 였을까 그리고 나에게 어떠한 영감을 줬을까2021년 지금. Bravo my life후회없이 도전하고 즐기며 성취하여 모든것을 사랑하라.그리고 벤저민처럼 나의 유산 기록은 꼭 남기자기록은 기억을 지배하니까"
"325","몬스터 헌터","3","어차피 후속편 만들거였으면 세계관과 드라마에 대해 고민해보는게 좋지 않았겠어? 뭐 내용이 읍써도 너무 읍다야!"
"326","덕구","10","뻔한 눈물장전 결말일줄알았는데 그렇지았않아서 좋았다. 엄마의 소중함을 다시한번 느낀영화."
"327","테넷","8","일어날일은 일어난다면 미래의 파괴된 환경은 결국 일어났고 과거에 환경이 망가지던 덜 망가지던 미래의 파괴된 환경은 이미 일어난 일인데 왜 굳이 미래인이 과거에 관여하려한건지 좀 이해가 안되네"
"328","비스티걸스","1","커쇼를 향해 가즈아~~~~!"
"329","판의 미로 - 오필리아와 세 개의 열쇠","8","기예르모 델 토로의 잔혹동화."
"330","극한직업","10","두번 봤는데 존잼 ㅠㅠ ㅋㅋㅋ"
"331","뷰티 인 더 글라스","8","중독이 떠오른다. 강한 결심으로 현실에 디딘 발의 무게로 금욕하지만 다시 원위치 되는 인간의 모습. 과연 주인공 아저씨는 결심을 지킨 것인가? 끊어 낼 수 있을까? 끊어야 한다. 모두가 그렇다면 좋은 세상이 되겠지."
"332","어톤먼트","6","와 개빡쳐 진짜... ost는 좋은데... 와... 진짜 단발머리 너어는.... 후..."
"333","라이프 오브 파이","10","죽기전에 안보면 손해인 영화"
"334","첨밀밀","10","단추 참~~~ 힘들게 채워준다"
"335","크리스마스 캐롤","10","정말 너무 재밌게 봤습니다"
"336","강철비2: 정상회담","6","국뽕도없고 답답하고 억지스럽고  미국대통령이 연기 제일 잘합니다"
"337","극장판 귀멸의 칼날: 무한열차편","10","보면 가슴이 웅장해지는 영화  2기 기다리면서 후유증이 너무 심하다 차라리 안 봤을 때로 돌아가고 싶다 너무 재미있다"
"338","가려진 시간","10","스토리가 너무 복잡하지 않은 환타지영화라서 보는데 스트레스가 없다. 영상미가 뛰어나고 배우들의 연기도 좋고 기승전결 스토리도 짜임새있다"
"339","극장판 귀멸의 칼날: 무한열차편","10","렌고쿠를위한 영화 안보고후회하지말고 일단 보세요"
"340","세자매","8","김선영님의 연기는 가히 최고였지만  맡은 역할에 대해선 이해가 되지 않는 부분이 있다. 학대 받고 살아왔다고 저렇게 평생을  폭력을 인정하며 , 마치 그러는 편이 편해보인다는듯 산다고? 거기에는 동의 할 수 없다.장윤주님의 연기도 좋았지만 학교씬은 현실과는 너무 거리가 멀지 않았나 싶다.  다시 느끼지만 가정폭력을 인정하며 사는 순간  그건 인간이길 포기한거다"
"341","타락천사","9","퇴폐적인 화보집을 영상으로 보고온 느낌"
"342","디에고","7","조용히 살 수 없는 너무 많은 스포트라이트"
"343","그것만이 내 세상","10","인생 top5 영화.최고의 배우들"
"344","기방도령","9","조선시대 분위기를 가볍게 담으면서 시대배경을 잘 표현한거 같습니다."
"345","승리호","10","좋은데요? 기대 안하고 봤는데 한국영화 발전 많이한듯"
"346","그대, 고맙소 : 김호중 생애 첫 팬미팅 무비","10","넷플릭스로 지금 또 보고있는데그날의 감동이ㅠ 볼때마다 감동"
"347","극장판 귀멸의 칼날: 무한열차편","10","대사와 그림체 모두 기대이상 이었습니다ㅎㅎ넘 감동이었습니다ㅜㅜ"
"348","빽 투 더 퓨쳐 3","10","2021년에 다시봐도 미침. 죽여주는영화"
"349","체이싱","1","아 이게 무슨 3류 영화냐"
"350","커뮤터","9","오랜만에 흥미진진했던 영화 연기력은 말해뭐해... 좁은공간에서 주는 은근한 긴장감도 좋았다"
"351","미쓰백","10","진짜 너무 속상한 영화, 현실 그래도 마지막이 너무 속상하지 않아서 다행이였어요.한지민 최고!!"
"352","극장판 귀멸의 칼날: 무한열차편","10","애니를 원래 즐겨보는 사람은 아닌제 이걸 보고 느꼈음 귀칼은 정말 명작이라는 걸... 진짜 개재밌음 진짜 진ㅁ즈 진짜 이건 영화관에서 봐야함 정말 너무 재밌어여 꼭 보셍ㅛ 휴지 꼭 챙겨가시구요 넘 재밌다구여 정말 ㅠㅠㅠㅠ"
"353","세자매","10","누군가에게 꼭보라고 추천을 할만큼인진 모르겠지만내가 이영화를 봤다는게 참 행운이구나 느끼는영화"
"354","라스트 레터","6","이와이 슌지의 전작보다 많이 부족한 편지"
"355","PMC: 더 벙커","10","평점 너무낮네...ㅜ 볼만했는데"
"356","벤자민 버튼의 시간은 거꾸로 간다","10","사랑하는 사람들과 헤어질 수 밖에 없는 삶이란"
"357","세자매","10","디테일이 살아있음... 결혼해서 세자매가 저러는데 남편들이 불쌍함... 여자들은 감정 조절이 힘듬."
"358","티파니에서 아침을","8","Moon River 노래 너무 좋다.60년대인데 왠지 지금보다 세련된거 같다오드리헵번만 소화 할 수 있는 옷들 특히 맨처음에 검정드레스에 커피와 크루아상을 먹는 장면은 명장면이다."
"359","그랜드 부다페스트 호텔","10","보는내내 눈이 즐거운영화.보는장면이 모두 액자속 그림같은 어둡고 침침한 교도소안도 앤틱하고 분위기있게 그려내는  감독의 연츨력이 대단합니다.보고 후회하지않을 영화입니다."
"360","아마겟돈","10","영화도 물론인데 OST가 죽여줌"
"361","골든슬럼버","1","주인공이 착한역이요. 모자른역이요.애를 왜 저지경으로 만들어 놓나. 하. 할말이 없다. 감독누구나."
"362","마담 싸이코","8","사설탐정이 왜케 허술하고 멍청한거야"
"363","세자매","10","최근 본영화중에 최고"
"364","절대쌍교","10","어렸을 때 정말 재밌게 본 영화죠~ 유덕화, 임청하 멋있어요. 이화궁중도 멋있고~~"
"365","사랑은 비를 타고","7","singin'in the rain~고전 뮤지컬영화는 역시 굿탭댄스를 추는 장면이 제일 좋았다"
"366","완벽한 타인","10","극단적으로 표현했지만 우리 인생과 같다.주변을 돌아보게 되는 영화"
"367","소울","8","감독이 뭔가 너무 가르치고 싶어하는듯... 물론 끄덕여지는것은 있으나 현재를 살라는 내용의 명상 자기계발 이런것도 워낙 많아그런가  메세지도 약간 진부음악과 영상은 좋음 ^^"
"368","미션 파서블","10","다 필요없고 영화관에서 남자 둘이서 봄요"
"369","극장판 귀멸의 칼날: 무한열차편","8","중반까진 루즈한면이 있지만 후반부로 갈수록 재밌어요"
"370","가나의 혼인잔치: 언약","9","무시라....ㄷㄷㄷ 낮에 오시면 안 될까요 ㄷ"
"371","라스트 레터","10","무엇인가 닿을 듯 닿지 않는... 그러나, 그것이 주는 여운을 담아내는 이와이 슌지 감독다운 영화를 정말 오래간만에 마주했다. 대학생 무렵에 보았던 4월 이야기에서의 마츠 다카코가 이제는 중년의 아줌마가 된 것 처럼 비슷한 연배의 추억 이야기가 마치 과거에 경험했던 여운과 감동으로 또다시 느껴졌다. 20여년의 세월 후에 이런 작품을 또 다시 볼 수 있기를..."
"372","극장판 귀멸의 칼날: 무한열차편","10","그냥 개쩐다 이거는... 안본 시절로 돌라가고 싶다"
"373","온리 더 브레이브","10","감동그자체 강추 말로 표현을 못하겠다"
"374","극장판 귀멸의 칼날: 무한열차편","10","염주 죽은거 에바야...."
"375","클로젯","6","분수를 알고 삽시다. 지나친 열정은 욕심으로 발전한다."
"376","로빈 훗","6","늘어지는 호흡과 클리셰가 몰입하기 힘들지만, 블록버스터의 가치는 한다"
"377","소울","10","진짜 인생 영화일줄이야..진짜 인생 영화 맞았네요혼자 조용히 집중해서 또 보고싶은 영화에요"
"378","솔트","10","슈나이더가 백악관에 동지가 또 있다.라고 한순간 테드가 생각나면서 소름이 돋았다 . 안젤리나졸리 진짜 지구최강 멋있다"
"379","초이스","10","지금 순간이 최고인듯 살자"
"380","죽지않는 인간들의 밤","8","어이없는데 뭔가 웃겨요 ㅋ병맛웃음?ㅋ"
"381","최미역행","1","이 영화는 ""짱""입니다"
"382","퍼펙트 케어","10","스토리가 신선 미국에서는 실제로 이런가 싶기도 간만에 기대안하고 재밌게 본 작품"
"383","소울","7","오랜만에 힐링되는 영화였다."
"384","판더믹","1","최악의 영화. 이기주의의 극치"
"385","나이브스 아웃","8","마지막 반전은 예상 못했는걸"
"386","남극일기","4","지금보면 배우라인업오지는데 흥행망함ㅋㅋ"
"387","더 스토닝","10","아.. 진짜 이 영화 우연히 알게 되었는데.. 종교는 악귀들의 모임인가? 신의 뜻으로 사람을 죽인다??사람에게 그렇게 할 권한을 어떤 신이 주었단 말인가? 그런 신은 죄다 악귀이지.. 신이 아니다. 남자의 탐욕으로 죄없는 여인을 투석형으로 죽이다니.. 종교는 아무리 생각해도 사람에게 탐욕을 위해 존재하는 도구일뿐이라는 생각이다."
"388","나이브스 아웃","10","아 잼나 너무 잼나 영국 느낌 분위기도 넘아 조아 영국 발음도 좋아"
"389","스승의 은혜","10","전시대 이시대 선생들이 꼭 봐야할 영화. 앞으로 자라나는 아이들에게 상처주지 말기를. 30년이 지난 지금도 국5때 당했던 기억에 마음이 아픕니다"
"390","가장 보통의 연애","1","숢먹는 반복된 장면 보기 싫어서 중간에 안봄"
"391","사마에게","7","그럼에도 불구하고 삶은 이어진다. 시리아의 조속한 안정을 기원한다."
"392","극장판 귀멸의 칼날: 무한열차편","9","친구가 완전 추천해줘서 보러갔는대 재밌었어요! 영상 연출이 진짜 대박이고 성우들 연기도 좋았구여 그림체가 동글동글 귀여워요 ㅠㅠ원래 일본애니 진짜 안좋아해서 안보는데 얘는 괜찮았네용~"
"393","승리호","10","이거 너무 재밌어요ㅠㅠ ost? 도 슬프고 제가 좋아하는 배우분들 많아서 좋았습니닷"
"394","승리호","10","이거 너무 재밌어요ㅠㅠ ost? 도 슬프고 제가 좋아하는 배우분들 많아서 좋았습니닷"
"395","중경삼림","10","진짜 재밌습니다 어머니가 좋아해서 봤는데 한 때는 하루에 한 번씩 꼭 볼 정도로 중독성도 있어요...강추합니다 이번에 재개봉하는데 친구랑 같이 보러가려고 합니다"
"396","글래스","2","싸패를 그린 영화인줄알았는데 히어로물이라니 ㄷㄷ"
"397","택시운전사","10","최고의영화  웅장이가슴해집니다."
"398","택시운전사","10","최고의영화  웅장이가슴해집니다."
"399","이미테이션 게임","9","전쟁영화 이런 것도 싫고해서 안 봤는데 평점이 너무 좋아서 보기 시작함 초반엔 좀 지루하다 채널 돌려서 다른 채널 볼까 하다가 결국 끝까지봄진짜 재미있음마지막이 좀 ㅠㅠ 해피엔드 인 거 같으면서 아닌 거 같은 느낌 뭔지 모르겠음 내가 봤던 영화상 주인공의 결말은 너무 불쌍함 ㅠ하지만 엄청 감동임"
"400","세 얼간이","10","인생작 코미디 속에 잔잔한 감동 쓰나미"
"401","극장판 귀멸의 칼날: 무한열차편","10","말이 필요없음 3번이나 봤는데 마지막에 슬픈건 똑같음"
"402","카오스 워킹","1","생일이라 3.1절 롯시갔다가 저도남편도 120분 러닝타임중 90분 자다가 귀가했네요. 핵노잼이니 돈과 시간이 많으신 분들만 관람하시길!"
"403","PMC: 더 벙커","3","연출에서 더테러라이브 감독인거 바로 앎. 사운드는 복붙 수준으로 겹침. 걍 더테러라이브+터널인데 재미는 절반. 스토리가 너무 허접해서 전혀 몰입이 되지 않는데 사운드가 혼자 열일해서 안쓰러움. 이선균 역대급으로 웅얼거림."
"404","툼스톤","10","그냥 나는 통쾌한 영화가 좋음. 리암니슨 나온 영화는 통쾌함 진부하든 뭐든 좋음."
"405","극장판 귀멸의 칼날: 무한열차편","10","아 진짜 대박 애니 안보고 봐도 어느정도 이해 되면서 봤고 애니 다 보고도 상영중이면 또 볼 예정 진짜 너무 대박;;;"
"406","태풍이 지나가고","10","아버지를 싫어하지만, 나의 일부여서. 엄마의 조언을 듣고, 그 싫은 점을 품고 나는 이제 현실의 그 순간순간, 하루하루를 살아갈 거다, 늦여름의 마지막 태풍이 지나가고 맑게 갠 하늘 아래서."
"407","세상에서 가장 아름다운 이별","10","이런 영화가 천만관객이 되야되는 거 아닌가"
"408","PMC: 더 벙커","10","졸라 재밌습니다 ㄹㅇ 보고 판단하세요"
"409","카오스 워킹","10","재밌어요~~ㅠㅠㅠ 남주 존귀"
"410","극장판 귀멸의 칼날: 무한열차편","10","렌고쿠...빛주..."
"411","굿 윌 헌팅","10","내게도 ""네 잘못이 아니야"" 라고 말해주는 스승을 만났더라면"
"412","하나 그리고 둘","10","별거인양 별거 아닌양 인생을 흐른다ㅡ 타인의 삶으로 내삶을 돌아보고 싶을때"
"413","소울","10","늦게라도 보길 잘했네요 너무 잘 만들었어요"
"414","우먼 인 할리우드","1","그 성별들의 자위용 뽀르노1 양녀들은 그나마 뭐라도 해보고 저러는데 국산녀들은 그저 남자들 떡고물 받아먹을 생각만 하는 버러지 그 자체, 무슨 한남들이 봐야 한다 이딴 소리 할 시간이 니들이 알아서 좀 바꿔 보세요 ㅋㅋ"
"415","미션 파서블","10","금방 영화 보고 나옴. 리뷰 보고기대를 크게 안해서 인지재미있게 봄.영광이의 능청스러움이 더 웃겼음 ㅋㅋㅋㅋ"
"416","데블","8","저예산 반전영화. 마무리가 좀.."
"417","극장판 귀멸의 칼날: 무한열차편","10","이것은 진짜 명작이다..그것말곤 할말이 없다"
"418","버드 박스","9","부디 육아를 혐오하는 한국 여자들도 피해망상으로부터 벗어나 주인공처럼 극복할 수 있으면 좋겠다."
"419","원타치","10","잠시 떠났던 주먹세계로 돌아갈 자극이 되었다"
"420","가베: 그녀의 숲","10","음악 영상 참 좋았다"
"421","쁘띠 아만다","10","“포기해야 해”... 그러나, ‘희망’...필연적 ‘자기치유’ 의 과정을 아프지만 섬세하게...쁘띠 아만다의 연기가 돋보이는 영화!"
"422","뱅가드","2","3만명이나 보다니 중국사람 많네요 감독은 30년전에 풀리스스토리3 만든감독인데. 장만옥, 양자경, 성룡 주연이었고. 무려 30년 디렉팅은 발전은 없고 버터만 잔뜩 바르는 기술만 배웠군요. 깃발든 중국인민군 로고 제작사 영화는 믿고 거르는게 국룰인듯, 이런영화를 중국인들은 최고라고 좋아하는걸까요? 그렇다면 이불킥하느라고 이불이 남아나지 않을듯 싶내요. 제발 성룡의 마지막 작품이길."
"423","극장판 귀멸의 칼날: 무한열차편","10","와 진짜 개박살나네요 미쳤다"
"424","록 스탁 앤 투 스모킹 배럴즈","8","돌고도는 골때림"
"425","골든슬럼버","1","와 강동원나오는 영화중에 이런 재미없는게있었다니캐릭터도답답하고 전개도 허술하고"
"426","극장판 귀멸의 칼날: 무한열차편","10","원래 애니 정말 안 좋아하는데 처음으러 재밌게 본 애니,, 영화관까지 보러ㄱㅏㄴ것도 처음. 그만큼 개재밌어요"
"427","트라이얼 오브 더 시카고 7","5","자유의 댓가가 피 흘리지 않고 가능하답니까???  철부지 시카고 7들아"
"428","뉴 폴리스 스토리","2","멜로가 찍고싶은 멜로 드라마를 찍어라 쓰레기 영화네"
"429","소울","10","뭔가 많은 걸 생각하게 해준 영화"
"430","극장판 귀멸의 칼날: 무한열차편","6","극장판을 가장한 ...TV판그냥 TV판 2편을 붙여논거랑 다르지 않음CG는 그닥이고...액션씬은 매우 화려하고 좋앗음"
"431","극장판 귀멸의 칼날: 무한열차편","10","재밌게 잘 봤습니다!"
"432","소울","8","평범한 나날들이 가장 소중한 순간들이라는걸 깨닫게 해준 영화입니다"
"433","극장판 귀멸의 칼날: 무한열차편","10","오뭔데 관람객이 한 명이냐???"
"434","스카이라인: 라스트 워","1","바보 같은 영화... 스카이 라인 2/3/ 은 대중이 원하는 영화가 아니다.  뭐냐,. 대중은  CG 나 스토리나 더 원하는데.. 드라마로 영화를 만들었다. 존낸 실망이야.. 돈들여야 이런 스토리르를 만들다니."
"435","극장판 귀멸의 칼날: 무한열차편","10","와 ㄹㅈㄷ,,,, 와,, ㄹ?? 나 씹덕이야 반했어 너무 재밌어,, 액션 개많아,, 최고야,, 낼도 볼까나??????;, 와 ㄹㅈㄷ야 진짜로,, 미쳤어,, 따랑해,,,"
"436","세자매","10","기대이상 특히 뭐 문소리는 어떤역을 맡아도 다 자신의 것으로 잘 소화 특히 대사중 남편에게 이혼도 능력이 있어야 하는거야? 그리고 돌아서면서 이 발정난 OOO야 와우 진짜 통쾌했음 그리고 진짜 교인들의 모습 잘 표현 캐릭터 연구 많이 하신 듯 역시 연기의 신이신 듯 그리고 김선영의 연기력도 대단 평범한 듯 하면서도 범상치 않는 느낌이랄까? 캐릭터 너무 잘 소화 그리고 막내 장윤주는 처음엔 전 공효진인 줄 알았는데 장윤주 진짜 심하게 망가진 그래도 잘 소화 와 모델출신이라고 우습게 보면 안 될 듯 그리고 어떻게 면을 그렇게 맛있게도 드시는지 순간 먹고 싶었음 전 세배우에게서 카멜레온 같은 동물적 본능을 느꼈고요 전 스토리 전개 또한 좋았지만 전체적 캐스팅이 너무 완벽했다 싶어 특히 문소리의 대사들이 진짜 유쾌 상쾌 통쾌해서 좋았음 뻔할 것 같았지만 뻔하지 않았던 영화 엔딩에는 진짜 많이 울었음 특히 문소리가 아버지에게 한방 날 리며 오열하는 부분에서 이 영화를 보고 느낀건 진정 하느님은 세상에 존재하지 않으시구나 라는 것을 느꼈습니다 그러지 않고서야 어떻게 교회에서 버젓이 그런 행위들이 일어나겠나? 인간은 누구나 다 똑같다 싶었음 단 가면만 쓰고 있을 뿐"
"437","미션 파서블","8","과하지안코 요즘상황에 딱보기조은 영화였습니다. 한국영화의 코믹정도가 이정도가 가장 좋을듯합니다. 갠찬았어요."
"438","몬태나","8","뭐랄까...멋진 남다를 본 느낌이랄까... 마지막 기차 타는 장면은 최고였어요!"
"439","꾼","5","혼술할 때 가볍게 보세요"
"440","극장판 귀멸의 칼날: 무한열차편","10","말이 필요한가.. 우리염주.."
"441","족벌 두 신문 이야기","10","일제의 앞잡이 노릇하다 해방후에는 친일반공세력의 앞잡이, 군사독재정권의 앞잡이, 재벌부패기득권의 앞잡이 노릇하며 권력을 누려온 조선일보,동아일보를 폐간시켜야 대한민국이 정말 제대로 발전해나갈 것이다."
"442","세자매","10","배우 분들의 연기가 너무 좋앗어요"
"443","음양사 : 청아집","10","극장에서 너무 보고싶다!ㅠㅠ 극장에서 개봉 안하낭?!"
"444","짐작보다 따뜻하게","2","고개가 갸우뚱하는 씬들이 너무 많아서 집중하기 힘든 영화입니다. 너무 아마추어적인 작품입니다.초반부와 후반부에 나오는 고딩커플 씬은 정말..."
"445","곤지암","2","솔직히 곤지암이 무서울줄 알고 봤는데 그냥 소리만 지르는 영화네요저 무서운거 잘 못보는데 이거는 무표정으로 봤어요"
"446","정브르의 동물일기","10","동물들 보면서 힐링했어요 가족이랑 보면 좋을것 같아요"
"447","극장판 귀멸의 칼날: 무한열차편","10","강하고 마음씨 착한 아이의 엄마로 살 수 있어서 행복했습니다 렌고쿠형님 살려네ㅠ"
"448","극장판 귀멸의 칼날: 무한열차편","10","유포터블의 갓작화!!!"
"449","극장판 귀멸의 칼날: 무한열차편","10","애니메이션 중에 액션씬 최고라고 생각합니다 스토리 연출 음악 빠지는 게 없었음 4DX로 봤는데 걍 존나 재밌으니까 보세요"
"450","소울","10","현재에 삶에 만족하면서 살라는 깨달음 ."
"451","미션 파서블","2","그게 그건거인 그런영화그냥 나중에 티비보면 중간에 화장실가고 간식 먹고 친구랑 카톡하다 보면 끝나는 영화돈내고 좋은 식사를 하심이~~"
"452","더블 타겟","10","개인적으로 마크월버그 최고의 영화. 복수극하면 이영화부터 생각남"
"453","이별의 아침에 약속의 꽃을 장식하자","10","몇번을 봐도 감동이네요 갠적으로 추천 일본에니매이션  탑5안에 들어요"
"454","가장 보통의 연애","10","현실성 있는 대사와 상황들 공감됩니다~"
"455","화양연화","10","처음 볼때는 뭐지?? 두번째 볼때는 뭔가...세번째 이상부터는 뭘까...이 익숙하면서도 아련한 .."
"456","미션 파서블","1","큰 기대를 안 하고 봤는데, 기대를 안 하고 봤음에도 재미가 없었습니다. 분명이 코미디 요소를 시도때도없이 넣어서 웃기려고 시도를 하지만 정말 한 번을 제대로 안 웃겨줍니다. 이 정도면 감독님이 정말 정말 코미디에 재능이 없는 분이신 겁니다... 트랜디하지도 못할 뿐더러, 너무 구시대 적 유머를 섞는데, 그 또한 너무 재미없게 표현을 해서.. 내용도 별로 없고, 액션에 공을 많이 들였습니다. 코미디 임에도 웃음 없이 볼 수 있습니다."
"457","극장판 귀멸의 칼날: 무한열차편","10","한시도 지루할 틈이 없었습니다"
"458","소울","10","너무 감동이고 삶의 의미에 대해 다시 생각하게되눈 영화에여,, 쿠키영상도 꼭 보세요"
"459","서버비콘","8","볼 만합니다. 배우들 연기도 주연, 조연 안 가리고 다 괜찮고요. 조지 클루니 영화 잘 만드는 듯."
"460","카오스 워킹","1","소재는 좋았으나.스토리도 애매하고 액션도 없고 로맨스도 없고이거 뭐지? 하는 영화."
"461","럭키","4","전반부의 코미디와 힘주고 만든 후반부의 부정교합."
"462","소울","10","하루하루의 소중함을 일깨워 줬어요^^"
"463","변신","10","한국산 호러치고는 신파에서 가장 벗어난 편"
"464","해치지않아","4","손재곤 감독님 영화를 좋아하는데요ㅜㅜ 기대에 못미쳐서 아쉬웠습니당 이층의악당 달콤살벌한연인 강추!!!"
"465","극장판 페이트/그랜드 오더 신성원탁영역 카멜롯 완더링; 아가트람","8","연출과 전개가 마음에 안듭니다"
"466","극장판 귀멸의 칼날: 무한열차편","10","전 집중 번개의호흡 제 1식 벽력일섬"
"467","화양연화","10","정말 벗고 야한장면없이 이렇게 섹시하고 아름다운 영화를 만들수 있다는 사실이... 영상미와 색채감.. 모든것이 완벽한 영화였어요!!"
"468","폴라","10","화끈하고 재밌네요.  기대안하고보니 더"
"469","호빗: 다섯 군대 전투","10","나에게  더이상 최고의 영화는 없다."
"470","극장판 귀멸의 칼날: 무한열차편","10","진짜 최고예요. 만화까지 다 본 사람으로써 진짜 결말을 알고 있었는데도 만화의 내용들을 완전히 살려주셔서ㅠ외쳐요 갓터블!!!! 사랑합니다, 포터블....오랜만에 혼영하러 갔는데 코쥬로를 보며 다시 한 번 인생의 교훈을 깨달아요ㅠㅠㅠㅠ헝헝 나에게 맡겨진 책무를 다하겠다는 그의 강인한 마음 너무 ㅠㅠㅠ과몰입한 거 아니냐구요?! 맞아요...코쥬로 이대로 못 보내...헝헝헝헝"
"471","신문기자","2","글쎄... 스토리가 진부하고, 소재는 황당하며, 연출도 뻔한 그런 영화다 내돈내산 리뷰"
"472","세자매","2","기독교를 나쁘게 그리는 것 같아 기분 나쁩니다"
"473","사랑한다, 사랑하지 않는다","1","웃기지마 연애 경험을 말하면서 공감돼서 재밌다는 허세떨지마 몹시 재미없고 몹시 공감대를 이끌어내지도 않아 너무 잔잔해서 짜증만나 의도적으로 천천히 아주 천천히 시퀀스가 이어지는데 고상한 의도인 것마냥 허세떨지마"
"474","오살","10","기회되면 꼭 보세여! 기대 이상입니다"
"475","루킹 글라스","1","똥도 제대로 닦지 못하고 질질 흘리며 엔딩. 감독놈 만날 일 있으면 싸데기 때리고 싶다."
"476","극장판 귀멸의 칼날: 무한열차편","10","마음을 불태워라 ㅠㅠㅠㅠ흐엉"
"477","클로젯","1","외국 오컬트 영화 다 짜집기한 망작... 베낄거면 포인트로 잘 가져와서 만들던가 내용도 다 예상가고... 대실망에 시간만 버렸습니다 넷플로도 보지마세요"
"478","수상한 가족","6","재밌게 잘보다가 막판에 진짜 어이없이 끝나버리네.  남주인공이 마지막에 자기 맘대로 감정적으로 행동하면서 모든걸 망친 수준인데 경찰한테까지 불었는데도 회사가 안망한다고?ㅋㅋ 따로 조사받거나 이런것도 없고 따귀 한대 맞고 끝? 적어도 회사에 엄청난 타격 가는 행동 아닌가? 해고 당하는것도 아니고 심지어 회사에서 다른 일거리까지 제안하네ㅋㅋㅋㅋ 영화라지만 이게 말이 되나? 판타지도 안이러겠네. 그리고 자기 독단적인 행동 때문에 여주인공부터 팀 전체가 피해보고 해고당할뻔하게 해놓고 그거에 대한 사과나 변명도 없이 갑자기 보고싶었다며 뻔뻔하게 나타나면서 일 방해하는 것까지 황당 그자체임;; 작중에서 아무도 이런 행동 지적 안하는것도 어이없고. 이웃이 죽은거에 죄책감 느끼는건 이해하는데 너무 끝까지 자기멋대로 행동하다 끝남. 감독이 신입 아무나 막무가내로 뽑지말라는 교훈을 주려고한거면 인정 ㅡㅡ"
"479","톰과 제리","6","톰이 너무 불쌍해요 ㅠ 영화는 감동적인 부분도 있긴하지만 좀 지루한 감이 있어요~ 애들이랑 보기는 좋음"
"480","극장판 귀멸의 칼날: 무한열차편","10","교훈이 있는 애니메이션임.감동적임."
